surveyId,nb_a_pred
642,7.083509
1792,19.535831
3256,10.230488
3855,18.15741
4889,12.367325
5884,4.9075813
6955,29.989578
8956,7.6816998
9037,6.568712
9537,14.914001
11594,12.169863
11849,11.4149065
12019,4.5554376
12436,4.670535
12705,4.3486133
12842,8.021642
13429,19.027544
15914,17.815268
16550,2.8190644
18511,8.6269655
18734,8.6269655
19026,9.873412
21203,3.3246126
21641,4.1208296
21906,15.907277
22102,14.26858
23717,9.40445
24689,8.812831
24920,22.781319
25437,6.4887915
26098,3.8995333
26651,10.019028
27551,16.971148
27567,11.270771
30973,6.9413514
31970,23.159042
32178,8.524176
32282,20.95676
32525,8.803954
33904,2.8041744
33921,5.973392
34778,6.322918
36216,12.807301
36737,29.989578
36869,17.400593
38125,6.136534
38812,15.025158
39525,8.369522
39795,12.229142
40447,11.999868
40597,15.699593
40845,7.4918118
41048,20.453436
41209,8.219669
41369,3.9175065
41476,8.313299
41725,6.136534
42000,18.984985
42935,11.34155
44791,12.45729
46094,13.433748
47008,7.7494845
48669,29.559744
49000,9.595436
49038,11.944792
49319,4.2597847
50057,17.400593
51364,4.7166543
51795,11.917702
52317,5.1594515
52326,13.132517
52364,9.779025
52481,8.27668
53300,5.3825164
54076,18.131851
54193,24.8075
54624,11.662761
55644,18.738565
56496,9.174685
56887,8.0784445
58388,10.817637
60548,8.873139
60731,14.536907
61092,11.124843
61334,15.096277
62643,12.760694
62910,13.908352
63918,20.453436
64178,9.214564
64913,4.5554376
66097,3.8663886
67733,10.634473
67998,10.485951
68018,10.465498
68034,16.47832
69003,13.43606
69099,11.44993
70350,22.300585
70662,11.741942
72103,6.6534486
72786,22.39926
72854,13.834211
73272,4.357347
73905,1.8918855
74414,5.7222533
75195,2.7333126
76085,8.446773
76528,8.959621
76891,6.9152794
80169,7.8967667
80467,9.832079
80514,9.68944
80804,9.257785
81526,7.820134
81908,7.1326485
82140,9.221509
82897,9.240599
83363,22.858347
85499,10.1706295
85744,6.519658
86085,19.170704
86312,11.098775
88358,7.492406
88734,5.8426843
88807,9.821587
89191,13.562505
89854,11.642947
91065,7.753184
91371,10.213795
92621,13.522623
93286,12.705078
94281,9.58518
95767,7.9413557
97031,1.9448296
97519,17.042824
97774,15.491727
98717,7.753184
100319,8.196715
100802,6.9152794
102099,17.385687
102354,13.340317
103486,9.037851
103942,16.216627
104416,11.318232
104754,9.221509
104996,18.738565
105415,8.074877
105527,9.11189
105876,5.9510207
106116,9.257785
106734,11.8719225
107018,5.3825164
107805,13.316901
107852,9.239356
108647,13.494843
109639,10.816505
110614,3.8663886
111408,16.371626
114115,6.1402044
114412,5.913921
114565,9.873412
116045,1.9448296
116713,5.3825164
116765,9.58518
117073,13.882226
117836,1.9448296
119104,22.39926
120598,9.873412
120776,11.917702
121119,12.94243
121606,7.4952683
122269,14.803589
122629,3.945954
125890,13.021287
126223,29.559744
126639,8.649738
127778,3.9175065
128326,6.395367
129049,5.3825164
129365,9.426871
129650,9.21384
130131,25.204084
130660,4.8595805
130908,11.850097
130951,2.8190644
132909,17.385687
133503,11.532028
135015,11.254825
135302,9.745153
135910,11.652754
137098,10.49598
137162,10.85838
137692,10.817637
138802,8.313299
140463,10.458771
140554,4.8919272
141046,7.4777284
143761,3.945954
143877,11.254825
144117,13.399258
144900,3.945954
145205,5.3825164
148426,13.865948
149333,10.125632
151776,8.897207
152639,29.989578
154400,11.925479
154748,16.371626
156344,8.369522
156362,2.9760923
157004,2.7665792
159940,9.240599
161819,5.3825164
162863,8.501771
163001,13.800427
165346,1.8968784
166537,8.313299
168213,10.538751
168356,3.8663886
168765,3.2113464
169363,11.944792
169486,2.949587
170255,6.8420243
170734,10.573695
170978,19.306383
171447,12.229142
171930,6.8420243
173894,18.984985
175932,14.083132
176024,10.816505
176739,2.7665792
177166,12.229142
181405,7.7671385
182238,8.563906
183066,10.213795
183736,7.753184
185408,11.374456
186869,13.363386
188283,12.813078
188842,6.942975
189112,7.6816998
189348,11.944792
189393,6.136534
189917,18.131851
190467,6.136534
190540,9.257785
191000,8.465222
191380,13.5239725
192239,12.232529
193349,10.002519
193382,13.231369
193626,2.9045763
195396,7.1326485
195442,15.124487
196188,6.568712
196384,7.5619073
197262,3.945954
198470,6.136534
199439,9.845985
199454,20.882008
199609,6.2244363
200187,4.1208296
201775,11.188174
203165,4.2936316
203436,10.16422
204045,7.6367297
204325,6.386583
204372,10.458771
205613,10.235599
208131,3.8663886
208141,8.048786
211630,20.453436
214369,7.753184
216251,3.945954
216505,2.56348
216943,8.074877
218794,14.454185
219338,8.699398
219723,7.1326485
219872,5.7780275
222112,10.502453
222253,6.8046045
222492,4.039465
223917,18.131851
224506,12.232529
224698,14.791475
225522,14.869917
225884,7.1326485
225901,6.5982375
226892,3.945954
227150,7.298505
227543,13.419449
227715,18.667078
227926,7.753184
229205,8.017904
230272,4.2560935
231044,3.945954
231068,16.421957
232110,18.984985
233262,9.30843
234019,7.276079
234201,18.0778
235083,29.989578
235615,11.775902
235795,9.239356
237544,9.58518
239451,9.239356
239466,10.323744
240209,11.858203
241480,22.906805
243432,10.0288925
244018,3.945954
246061,10.553987
246446,8.501771
246826,13.174227
248378,6.6515737
249324,6.8420243
249648,9.479412
250756,8.313299
251083,6.726229
251417,2.3861294
254021,7.753184
254993,18.048872
256825,9.194991
257130,12.229142
257206,9.595436
259273,7.6367297
259886,20.453436
260900,15.524287
261846,5.9763412
261944,9.58518
264952,8.897207
266474,15.367194
268040,7.4749236
268044,4.9075813
269734,22.39926
269753,19.128502
271065,13.562505
271483,5.3825164
271806,9.954044
272434,4.3768663
274997,7.7485304
276157,16.026783
276351,18.984985
276828,8.910314
277666,10.620027
280004,15.775814
280987,8.239942
282848,8.691452
283569,6.395367
283744,12.965029
283767,9.632137
284833,5.93096
284994,6.133392
285258,16.202929
285420,5.913921
285687,12.365458
287158,6.78134
287474,11.276532
288062,9.239356
288564,15.038334
288676,9.426871
290315,13.231369
291409,15.7544
291516,9.40445
291883,11.652754
292822,4.039465
293836,5.973392
294274,9.848601
295188,13.309399
296003,8.526068
296543,3.8663886
298689,11.287009
299015,6.8046045
299764,20.453436
299842,10.0112705
300503,5.3825164
300601,6.744743
301150,3.8663886
301204,13.43606
302380,1.758196
302885,22.143078
303125,29.989578
303323,9.873412
304238,28.181097
306215,4.5554376
307767,18.984985
307987,7.2926083
309105,6.749747
310213,7.743232
311826,8.86364
312925,12.822151
316345,9.845985
316626,29.989578
318355,20.266626
318385,18.984985
318589,13.5239725
319132,18.984985
320936,9.816466
321767,9.873412
321781,3.945954
324650,4.9075813
324843,14.5777
326767,9.666543
327207,4.906946
331675,11.721008
331704,2.0925398
333024,10.224494
333559,18.738565
333689,8.841346
334081,19.692564
338763,6.2346587
339260,21.530128
339270,21.911465
339445,18.984985
339544,4.2597847
339948,6.1919155
340076,12.760694
340119,3.945954
341547,18.984985
342266,8.873139
343404,2.3861294
344230,11.590219
345268,6.568712
346395,17.400593
349176,6.689946
349927,10.620027
350480,18.131851
352082,16.987059
352579,6.158167
353299,11.263638
353347,11.270771
353812,4.7618546
354189,11.325629
356665,12.727475
357183,7.4393034
358381,3.945954
359213,9.257785
359358,2.56348
359715,10.121676
360664,9.257785
360929,7.7094216
361210,10.796442
361382,7.571678
362012,10.224494
362302,14.454185
363064,9.245417
363870,12.056715
365642,7.753184
365990,9.240599
366812,21.769026
368488,11.789876
368850,7.855855
370396,5.3825164
371990,6.136534
372517,8.369522
373055,9.533777
373664,8.025608
374088,9.160315
374879,11.532028
374945,11.823683
375129,14.134651
375329,7.753184
375527,5.799782
376013,3.945954
376037,8.6269655
376108,2.4986887
376199,15.038334
376356,9.62845
376520,7.175644
377814,7.0563717
378343,4.2936316
378452,8.873139
379860,6.136534
381032,12.352362
381168,7.6325207
383941,10.628547
384453,7.753184
384501,9.533777
386194,11.318232
388245,6.8420243
388262,10.354246
388529,2.7448795
388535,2.8041744
391154,2.0925398
392086,24.774647
393276,8.501771
393734,4.9075813
394495,6.568712
397340,14.839044
397487,7.4749236
397557,17.754269
397660,4.2560935
398282,9.239356
398410,24.01501
399069,2.1064847
400142,4.2936316
401936,19.306383
402155,5.913921
402267,7.8821554
403524,5.3825164
404934,11.70561
404964,9.516948
405731,12.448166
406434,25.204084
407576,10.458771
407764,18.984985
408529,10.56782
408877,9.769653
408886,8.085731
410042,8.422705
412094,13.458365
412438,8.369522
412593,2.0047688
412823,11.714482
412964,22.300585
413118,14.833161
414289,12.070069
414586,10.163647
415333,9.58518
415589,22.088675
416653,11.710335
416712,7.6798325
417408,8.367813
418213,10.334675
418261,14.145455
418722,7.753184
418942,12.513004
419731,7.7293324
421071,4.1208296
422417,4.5554376
422791,10.956631
423144,11.741942
423151,6.5418916
424628,6.124084
424888,5.6063805
427126,11.382041
428717,12.760694
430016,10.235599
430898,18.984985
431722,21.769026
431909,10.893275
432556,11.917702
434139,12.087135
434437,6.689946
435206,21.837925
435714,13.78713
437768,6.1995215
439588,14.26858
440283,7.5091405
445600,7.1595807
447616,6.568712
448082,5.9510207
450255,11.028988
450466,5.3825164
450545,11.8719225
451365,18.738565
451547,13.562505
452978,11.004397
453096,18.131851
453364,9.845985
457274,8.025608
457635,13.18718
458106,12.070069
458274,1.9448296
458837,19.176765
458930,6.8078566
462993,11.999868
463172,29.989578
464420,18.984985
466099,5.3223834
467651,8.085731
467868,9.859471
468476,12.822151
468831,7.703853
469442,14.814531
470273,5.3825164
470711,22.781319
471555,4.2936316
472806,13.630362
473625,8.7201605
475504,16.026783
475619,6.878561
475982,7.083509
476490,4.7618546
476746,18.984985
478724,12.294929
480028,3.945954
481269,29.989578
481304,18.507938
481540,11.064518
481898,9.873412
483227,7.743232
484188,4.8595805
485042,7.957464
486270,8.369522
488049,4.5554376
488192,8.025608
488421,9.426871
489653,8.501568
490096,6.568712
490472,9.639333
491294,13.522623
491691,12.932258
492233,6.942975
492567,11.721008
492620,8.452329
494115,6.6100807
494417,7.7293324
497000,9.194991
497120,5.3825164
498065,14.1340275
498129,9.194991
499342,11.818752
500469,8.746073
501836,13.363386
501897,8.813003
502100,13.122845
502140,2.2309844
502532,16.9356
502542,12.541088
502623,8.074877
505911,19.757242
508123,3.000192
508397,7.6530337
509185,19.477177
511080,6.8078566
512107,19.257486
513886,11.70561
514053,5.3825164
514163,4.5554376
514279,11.206045
515250,8.025608
515384,9.58518
515859,12.540539
515963,10.70232
517935,3.1423502
518078,8.313299
518766,11.6308155
518858,1.4198847
520348,7.864201
521470,20.453436
522144,20.453436
522467,8.175475
522951,5.092112
523724,12.264189
523899,10.102363
524179,8.016918
525862,12.880293
526317,2.88911
531799,8.239942
533415,19.361576
534624,7.1326485
535173,9.042174
535370,9.186759
536047,4.5554376
537013,8.313299
537508,13.500863
538729,28.477926
539747,9.426871
540111,18.078487
541197,29.989578
541744,9.774254
542328,10.169528
542380,13.9519
543020,2.7081482
544097,10.235599
544480,11.944792
546416,9.577602
546648,4.365685
547459,4.3486133
548915,5.3825164
548954,18.738565
548980,8.630184
549172,13.547516
550756,13.037339
551048,4.2936316
552705,11.662761
553028,16.937344
553039,9.62845
553905,8.966369
554200,13.890704
554956,7.753184
555167,10.524494
555379,10.213795
555438,12.822151
556372,4.7878737
556740,16.987059
557097,4.282113
558284,13.547516
558581,8.873139
558814,6.136534
558919,11.3991585
559255,7.1326485
560784,12.1720295
560904,12.000689
561254,10.469288
561624,8.164206
562632,3.945954
563762,18.984985
565655,9.581804
565901,6.802282
566755,11.15197
567504,23.601486
568700,1.7864016
569566,2.8190644
571235,1.5664932
571343,11.263226
571714,2.56348
571770,11.270771
572359,4.1208296
573166,18.984985
573592,8.910314
573598,8.975043
574217,12.232529
574386,10.70232
574409,9.257785
576829,5.3825164
577896,9.873412
578377,12.070069
579116,13.414086
580658,5.9619064
582723,8.369522
583280,7.8485985
583708,9.845985
583944,2.1064847
584279,10.458771
585045,9.239356
585230,10.787188
585905,10.458771
587056,6.8420243
589156,12.14676
589515,8.897207
589665,11.850097
590015,4.2597847
590395,9.194991
591536,16.937344
591669,10.1706295
592474,13.562505
593713,8.369522
594272,19.228453
596177,11.850097
597437,4.1208296
597763,16.971148
598552,4.1208296
599768,9.395557
599974,5.3825164
600525,14.613928
601413,4.2936316
602172,10.235599
603448,10.013993
603766,7.855855
604124,5.3825164
605046,5.3825164
606125,10.469288
606523,6.568712
606780,10.458771
607266,4.1908183
608384,11.698953
608765,12.229142
610496,9.58518
612115,4.224955
612611,18.984985
612795,10.620027
613411,16.225044
613490,19.477177
614185,14.26858
614580,7.175644
615558,18.984985
616093,8.436839
616352,18.984985
618907,6.519658
619466,4.8919272
620026,17.400593
621401,4.7618546
622139,14.134966
622490,11.933609
624803,15.418329
625202,2.756974
625646,10.144414
626485,18.984985
627233,17.623905
627970,11.818752
628058,29.989578
628184,21.897646
628973,9.391264
630342,3.945954
632152,18.984985
633328,8.6269655
633821,17.832783
634526,10.313227
635360,20.453436
636686,10.235599
637389,5.9529476
637643,5.973392
638272,11.726086
638734,10.9008665
639287,6.6779313
641880,9.388276
642166,10.313227
642526,8.367813
643458,8.45432
644489,11.063943
644611,4.7618546
645911,9.719769
646486,11.850097
646767,3.6198502
647612,7.7293324
648033,7.753184
648111,9.11189
648741,18.984985
649500,10.5989685
649625,14.26858
649818,29.989578
650292,9.729596
651093,9.58518
651137,11.662591
651317,5.490193
651733,11.933609
652816,8.146392
653655,12.540539
654238,8.3994465
654616,15.353511
654744,9.11189
655067,18.984985
655406,10.469288
659695,3.4188192
659853,2.0776742
659977,9.774254
660441,7.4532814
661147,12.391048
662151,18.738565
663032,5.5870314
663172,8.313299
664467,4.3486133
665529,18.738565
665775,10.620027
666075,17.370428
666781,5.458922
669898,15.124487
670425,6.9152794
671750,13.084893
672293,1.5664932
673474,18.738565
677045,8.600588
677062,7.499553
677115,12.540539
677843,3.945954
678151,7.073558
678363,7.7671385
678507,9.30843
680355,11.741942
680631,6.136534
681781,9.071668
682332,9.43895
682562,9.910236
683302,9.873412
686279,13.836826
686341,10.224494
686414,14.145455
686616,9.845985
687768,3.945954
688660,7.016116
689968,10.169528
690698,16.504068
690703,11.652754
693400,11.741942
693658,29.989578
694240,4.5368295
695025,6.7632427
695115,11.318232
697041,7.7293324
697592,8.94082
698250,10.0288925
698574,18.738565
699826,5.3825164
700123,7.8830633
701190,4.7618546
701308,15.651739
702180,12.321162
703023,9.494152
703287,8.160654
704373,19.027544
705584,4.2936316
706175,3.8663886
706536,13.451232
707061,8.57114
707674,7.915022
707898,14.478013
708811,2.3855069
709346,22.300585
711669,3.2113464
714827,14.972368
715707,11.57636
716664,10.334675
716728,18.984985
717129,9.216844
717443,12.087135
717877,7.4130473
718680,7.9654083
720801,4.415533
721915,5.3825164
724132,9.426871
724360,13.849611
725001,10.784354
726155,10.490739
726816,9.239356
727115,8.164206
730057,6.9798656
730181,9.40445
730418,11.583555
731901,3.2113464
732487,6.689946
734362,3.3545053
734539,3.945954
734665,18.984985
735039,4.8595805
739265,10.381496
739288,8.019934
739494,3.945954
740434,16.763023
742700,16.216627
743282,14.218513
746646,5.048172
748120,7.753184
748819,6.4121923
750185,9.257785
750661,7.916587
751545,17.623905
751839,3.8663886
752078,11.652754
753152,13.685389
753276,4.7878737
754078,7.492406
758193,16.971148
758672,7.855855
759708,19.027544
760282,6.8661413
761825,6.136534
762927,7.6798325
763425,2.1064847
764809,18.984985
765317,12.822151
765401,3.945954
766774,12.822151
767346,5.3825164
767502,4.039465
768088,10.334675
768590,20.565191
768792,13.122845
770263,9.105719
770265,29.989578
775252,6.8547106
776114,6.5982375
777547,6.136534
777881,4.2936316
778205,8.149785
778476,18.0778
779424,9.239356
779530,18.984985
780438,8.175475
780658,9.426871
780792,9.610551
780840,14.679575
781408,8.075964
781946,10.019028
787055,15.895425
787082,14.5478325
787938,12.070069
789568,13.694844
789583,20.30576
790198,11.374456
791532,8.025608
791893,11.850097
792975,10.0112705
794830,8.025608
795109,6.568712
795164,12.965029
795214,15.5642605
795724,21.837925
796042,12.959499
796182,8.085449
796563,6.726229
797488,20.95676
797923,8.175475
799749,7.4335623
801146,4.1208296
801621,5.3825164
801649,18.131851
804433,3.945954
804558,19.027544
804826,12.1720295
806049,12.760694
807910,9.955056
808198,3.945954
809158,6.1402044
809590,4.1208296
812050,29.989578
812380,5.285449
812653,11.579848
812722,7.4749236
812988,10.0112705
813395,14.26858
813605,9.257785
814345,18.561424
814654,4.415533
816156,11.652754
816378,7.1587157
816825,8.897207
817672,2.0925398
817873,12.760694
818050,16.641266
819266,29.989578
819716,2.88911
819718,8.873139
820271,11.188174
820534,7.884097
820673,11.064518
820958,10.695241
821369,10.70232
821388,7.978737
822583,9.11189
822590,2.949587
822961,6.136534
823615,3.65996
825839,4.2868237
828054,6.455369
829670,5.3825164
829837,6.8676605
830661,9.257785
831101,3.945954
831328,12.391048
831614,22.469402
832689,29.989578
833967,9.40445
835458,12.965029
835585,9.58518
836420,5.3262205
836863,11.318232
836990,3.8663886
837773,15.096277
839285,9.346568
842860,10.178131
843314,18.738565
844458,7.947633
844917,29.989578
845404,9.257785
845685,3.8663886
846511,5.0413704
847303,12.760694
847544,22.781319
849417,10.234953
849683,16.223986
850210,18.984985
850239,15.499513
850353,6.9152794
850601,10.178131
850606,7.4130473
850963,8.313299
851386,17.400593
851987,11.143073
852615,4.1208296
853303,14.532021
853408,13.78713
853788,7.6325207
853975,11.262065
855453,6.248605
857002,18.984985
857705,13.208141
858716,4.9075813
862220,14.218513
865146,29.989578
866351,20.069422
867496,3.945954
867643,16.371626
867703,7.753184
870620,9.426871
871537,3.8663886
871589,7.190972
872567,7.2926083
874736,10.458771
874905,5.3825164
875583,2.8190644
876437,13.161903
878848,20.453436
880515,6.395367
880654,8.025608
881749,4.2597847
881951,13.522623
882544,1.7864016
882760,6.8420243
883506,8.219669
884004,7.083509
884440,6.1402044
884934,10.593456
885112,18.984985
885344,8.764557
886362,3.1423502
886895,5.3825164
887224,10.381496
887421,8.812831
890118,9.821444
890472,9.873412
891281,3.945954
891327,8.387141
891782,4.2597847
892150,10.628547
893923,29.989578
896581,2.4986887
897391,6.7012606
898688,3.8663886
899063,12.391048
899211,18.984985
901016,17.754269
901844,8.6269655
904046,8.465222
904105,13.173895
904251,12.354186
906671,16.134457
907561,11.741942
910820,29.989578
910836,9.652383
910938,18.131851
911733,17.63947
911754,13.151963
913189,5.3825164
913818,9.11189
914078,1.9448296
914489,8.873139
915304,7.6798325
915665,10.502121
917471,11.202982
918020,13.882226
918031,9.239356
918917,6.2244363
919100,9.30843
919364,2.7665792
920308,15.559503
920575,10.916989
921245,4.2868237
921439,4.2936316
924632,11.319655
926108,5.5870314
927152,18.984985
927200,9.745153
927322,28.477926
928151,9.873412
928163,10.0112705
929263,7.8967667
929409,15.326307
930052,18.416843
932481,11.850097
932644,9.038435
935450,5.3825164
936527,5.799782
936863,5.1533337
936867,7.1326485
937726,9.632269
938572,7.4918118
939354,5.973392
940569,18.738565
941088,9.22832
942711,14.90824
943197,4.6264863
943746,5.3825164
944846,6.520669
945882,8.827411
947665,6.136534
948086,9.993201
949678,8.873139
950540,11.121626
951580,3.945954
952480,6.5616336
952778,6.568712
953462,11.579848
953964,14.145455
954688,19.220798
954701,11.15197
956281,29.989578
958268,20.453436
959670,5.3825164
960008,9.239349
961300,12.917025
963353,11.228546
964643,9.239356
964851,9.11189
964893,9.715006
965050,15.954072
966601,8.365264
967703,9.322737
969395,9.873412
969859,10.816505
970642,8.025608
971212,5.3825164
971272,5.3825164
971961,13.089672
972854,2.0925398
973226,8.074877
973436,4.2936316
973897,8.074877
974239,9.75006
975242,3.945954
975981,19.75585
976441,6.2346587
977026,9.240599
977525,19.517714
978348,3.3545053
979904,12.232529
980360,8.387141
980411,16.943466
981011,10.524494
981451,12.540539
982230,1.9448296
982525,6.136534
983280,6.9152794
983709,18.00449
984921,7.4952683
984932,5.3825164
985265,8.880817
986702,2.0776742
988358,4.3486133
989172,5.490193
989370,2.9760923
989599,17.400593
992101,1.1986787
992365,2.463109
992607,6.136534
992683,12.760694
993370,9.58518
993965,17.400593
995066,5.3825164
995170,12.232529
995503,14.515121
995511,13.174227
997480,4.1208296
997728,1.9448296
999010,10.940846
999994,18.131851
1001507,3.945954
1001615,13.122845
1001966,7.020684
1002519,13.494843
1002912,12.232529
1003026,12.864791
1005506,8.873139
1005647,6.570803
1005794,3.945954
1009086,3.2113464
1009318,13.363386
1010555,6.2346587
1011374,29.989578
1012526,7.753184
1012535,7.8952184
1013213,4.1208296
1013430,29.989578
1016823,10.235599
1017939,20.816992
1018072,22.39926
1019118,12.45729
1021017,29.989578
1022341,11.652754
1023105,16.365211
1024269,7.5091405
1025258,6.8661413
1025521,13.162288
1026733,8.951801
1028097,13.676748
1029545,7.1316442
1029758,7.1595807
1032342,7.6144876
1032751,12.14676
1033132,9.257785
1033376,7.276079
1033770,6.568712
1034681,21.897646
1035519,11.920517
1035976,12.154836
1036944,11.62556
1037038,3.9946196
1037096,9.745153
1038330,29.989578
1040041,14.869917
1041698,5.3825164
1042184,2.7333126
1043322,18.131851
1043731,7.824832
1044581,4.825636
1044656,5.8763742
1046723,9.873412
1047371,6.395367
1047787,6.970987
1049596,7.7293324
1055154,21.911465
1055201,7.431504
1055329,10.9008665
1055986,12.533281
1056639,7.753184
1058950,13.734518
1060820,8.589108
1062715,13.950067
1063006,9.257785
1064205,2.8041744
1065462,10.126899
1066251,18.738565
1068513,1.5664932
1069463,9.330175
1070668,11.72643
1071202,11.1289215
1071314,8.009672
1071650,6.2346587
1073642,16.371626
1074074,24.8075
1076606,12.822151
1077685,2.3855069
1077894,16.371626
1078934,6.651942
1081324,8.873139
1081686,8.369522
1081915,5.3825164
1083742,2.3861294
1086740,12.965029
1090173,10.523631
1091228,9.581804
1091366,10.15534
1093823,11.139507
1095158,8.010548
1095353,19.027544
1096522,1.2475822
1097098,25.166878
1097351,10.144414
1097885,19.170704
1099240,5.3825164
1099284,11.254825
1099459,3.945954
1099822,20.453436
1100584,8.812831
1100631,14.26858
1102451,29.989578
1103117,10.263213
1103489,7.4918118
1105004,11.063943
1105048,8.821644
1105993,5.3825164
1106554,14.869917
1106849,15.73572
1106936,4.5554376
1107785,7.928881
1109256,9.845985
1110679,13.562505
1111084,8.387141
1111388,6.6306024
1111459,10.019028
1111883,8.873139
1112132,7.7494845
1112752,8.369522
1113468,8.755844
1116420,8.019934
1117889,9.533777
1118075,9.314812
1120273,9.577602
1120391,12.540539
1120898,4.1208296
1120917,7.7494845
1121243,3.1423502
1121964,2.7665792
1122497,10.881976
1123600,10.816505
1125349,4.170838
1125626,9.257785
1127822,10.70232
1128901,10.412969
1129410,5.3825164
1130679,9.845553
1131330,23.149305
1131542,15.455645
1132097,12.822151
1132469,29.989578
1134276,7.4952683
1134627,8.897207
1135127,20.453436
1135579,9.533777
1135985,16.026783
1136540,11.721008
1137138,7.2078958
1137367,6.568712
1138274,5.36265
1138605,11.518161
1139097,2.0178912
1141593,11.741942
1143182,7.6325207
1143212,10.458771
1143655,9.910236
1143898,11.532028
1144713,12.533281
1146616,19.77307
1146774,8.755844
1146966,6.2349257
1147356,8.897207
1148509,6.136534
1148540,10.334675
1149306,11.8719225
1149552,11.5141735
1150094,3.27806
1150446,12.540539
1150609,10.613274
1150620,6.136534
1150951,13.309399
1151033,18.738565
1152006,16.853304
1153711,8.6269655
1154465,8.175475
1156056,4.5554376
1156966,9.00256
1158343,18.048872
1160019,12.679107
1160280,14.507032
1160460,5.8763742
1161374,6.191516
1162381,10.316113
1163167,12.822151
1163286,13.415474
1163395,10.9607315
1164336,6.651942
1164489,21.165548
1164900,12.822151
1167078,12.822151
1167283,6.689946
1167538,5.973392
1168130,10.816505
1168833,4.039465
1168850,6.4488163
1168871,5.914672
1169401,10.224494
1169508,21.165548
1169829,10.235599
1172615,4.1208296
1173450,2.0925398
1173911,5.619134
1174090,10.045252
1174151,9.632269
1176449,2.811008
1177931,25.204084
1178329,11.850097
1179237,6.568712
1179238,11.199161
1179348,9.721842
1179827,9.257785
1180144,9.650176
1181437,7.753184
1182625,9.478214
1184345,12.965029
1185066,9.038435
1185440,3.0102575
1188114,12.880293
1190337,17.656626
1190357,19.467499
1191395,5.206581
1192616,9.715006
1192973,9.447431
1194121,9.930029
1194704,6.2349257
1195234,11.57636
1197158,15.775814
1197662,6.519658
1198629,11.202982
1201018,5.799782
1201408,10.779678
1201701,8.219669
1202174,6.136534
1203885,7.4749236
1205929,7.492406
1207150,4.5863466
1207439,9.397914
1207452,9.025478
1207625,7.916587
1208397,22.300585
1210689,15.496527
1212125,7.8763165
1212311,15.418329
1214773,8.402429
1215496,12.760694
1216263,17.529778
1216374,18.984985
1217262,3.945954
1219362,5.973392
1220179,13.089672
1220269,10.019028
1220559,6.136534
1220757,21.837925
1222092,5.490193
1223154,18.984985
1223616,7.175644
1225005,5.973392
1226782,3.8663886
1227471,10.8416195
1228722,9.40445
1229105,9.257785
1229372,7.6028433
1230439,9.314812
1230662,6.2346587
1230672,10.186358
1232102,6.9592276
1234539,11.1255045
1234636,3.8663886
1235242,1.8786542
1235381,21.773504
1235400,8.201771
1236438,2.7665792
1237329,5.3825164
1237499,6.726229
1237882,10.35755
1239456,9.257785
1241960,5.3825164
1242503,29.989578
1243138,3.9175065
1243436,3.945954
1243849,5.3825164
1244279,9.239356
1244606,20.453436
1245452,11.467753
1246446,12.760694
1246822,10.235599
1247851,6.568712
1248236,9.239356
1249535,12.822151
1251643,11.741942
1252995,2.216867
1253280,25.204084
1254450,12.45729
1254555,11.1289215
1255127,4.5554376
1255509,8.367813
1256108,11.004397
1258124,2.0776742
1261485,9.489464
1262898,9.30843
1263467,7.753184
1264257,3.945954
1264327,14.547197
1265365,3.8663886
1265994,9.721842
1268853,17.37068
1269320,11.004397
1269905,14.286695
1270831,8.811711
1271471,11.6308155
1272747,6.136534
1274481,29.989578
1274534,6.568712
1274632,12.540539
1274895,18.984985
1275179,3.6294365
1276183,8.873139
1276256,9.58518
1276436,6.628474
1276510,9.827717
1277366,22.874557
1277383,11.662761
1278138,18.131851
1278911,10.048395
1279248,2.1260638
1279383,10.235599
1281073,20.565191
1281786,6.3330493
1281815,6.568712
1281821,8.078525
1283507,8.387141
1285308,9.30843
1287578,16.941656
1288144,8.402429
1288949,20.453436
1289399,14.869917
1289416,19.930902
1290843,9.314812
1291890,16.202929
1292129,12.822151
1292587,6.7869406
1292622,18.984985
1293643,20.95676
1294334,11.318232
1294750,9.898943
1295304,9.197866
1295382,15.418329
1298007,5.9510207
1298795,13.11758
1301910,6.2823434
1303424,12.66748
1303879,11.8719225
1304654,13.363386
1304678,3.8663886
1305062,7.7293324
1305946,11.917702
1306310,2.3881946
1306570,8.149785
1306665,10.224494
1307280,4.9075813
1307774,28.477926
1308167,8.5907135
1309255,5.3825164
1309480,11.850097
1310697,14.439418
1310739,17.980978
1312055,17.400593
1312540,10.235599
1313150,12.736876
1313846,8.873139
1314750,17.980978
1315631,4.282113
1315711,7.0563717
1319667,11.986739
1319905,8.072147
1320129,3.8663886
1320234,14.5777
1321133,1.7864016
1321649,12.087135
1324562,18.984985
1326818,10.750652
1328967,8.313299
1331275,6.8420243
1331945,8.369522
1332699,6.2346587
1332933,9.818949
1333959,18.738565
1334458,13.089672
1334625,2.8190644
1337387,8.7201605
1338340,14.5478325
1338523,13.136112
1338734,9.58518
1340768,18.984985
1341487,9.598636
1345188,11.741942
1345997,3.945954
1346119,5.3825164
1346183,2.9739907
1346814,9.239356
1348091,13.361809
1348647,11.944792
1349218,18.984985
1349598,12.822151
1349640,18.984985
1350151,12.284106
1350283,2.8041744
1352960,10.323744
1353315,9.330175
1354367,12.14676
1354743,16.202929
1356379,8.025608
1357334,10.458771
1359031,7.753184
1359308,12.965029
1361197,1.5664932
1361318,18.403944
1361456,4.3486133
1362500,13.711052
1362588,29.989578
1362648,9.257785
1363299,12.070069
1363359,5.3825164
1364615,8.652868
1364866,12.100459
1364917,9.58518
1367513,9.58518
1367674,14.26858
1367855,4.2936316
1368717,6.395367
1369088,6.136534
1369486,11.319655
1369623,7.492406
1370042,3.2113464
1370290,13.644643
1371656,17.400593
1372430,8.926277
1373494,15.418329
1374843,4.1208296
1374902,26.066727
1375588,9.038435
1375633,3.945954
1375936,6.942975
1378635,2.4986887
1379379,8.285671
1379553,5.5870314
1379929,12.965029
1383181,15.448858
1383354,12.070069
1383980,2.4986887
1385976,4.8595805
1387647,29.989578
1387901,11.839204
1388119,4.7618546
1388591,5.799782
1389463,9.724869
1390435,20.453436
1391602,20.355112
1392156,7.6028433
1392363,6.3330493
1392556,2.1120818
1393183,9.769653
1393501,22.39926
1394378,6.5616336
1395036,21.027483
1396694,4.8804784
1397319,12.564619
1397589,29.989578
1398931,6.8420243
1399389,13.231369
1399791,7.753184
1399964,29.989578
1400043,18.516207
1400324,1.2475822
1402048,24.774647
1402922,8.369522
1405130,7.915022
1405423,9.189194
1407389,29.989578
1409001,25.80044
1409602,8.465222
1409615,8.369522
1410779,10.048395
1411895,6.568712
1412811,8.313299
1414854,9.314812
1415283,2.5379732
1416019,15.7544
1416157,8.811711
1416297,10.70232
1417850,18.738565
1418226,7.753184
1419039,17.385687
1421066,16.455658
1422491,12.427522
1425706,22.276567
1425968,10.117281
1426769,3.945954
1427989,20.453436
1428987,20.30576
1429407,4.7618546
1429899,9.257785
1430175,4.2868237
1431223,10.213795
1433751,6.8089256
1433858,16.928225
1433876,9.337178
1434667,3.945954
1435081,13.231369
1436071,9.58518
1436084,10.019028
1437224,13.084893
1440204,13.613564
1440763,7.6325207
1441816,5.3825164
1442928,26.066727
1444497,9.240599
1445701,10.361518
1446398,7.024365
1446590,6.136534
1447049,21.11922
1447223,10.716404
1447345,17.400593
1449569,2.463109
1449669,2.4986887
1449744,19.15429
1450295,7.8763165
1451409,6.0675716
1452172,6.4860473
1452589,6.2349257
1454491,7.2926083
1454635,10.816505
1454727,5.525615
1455321,10.001607
1457367,12.727475
1457851,22.39926
1459456,9.426871
1460166,6.2349257
1460193,11.8719225
1460820,19.862864
1461034,12.229142
1461112,19.795769
1461329,9.632269
1462725,7.9548354
1465047,4.341465
1467405,3.1423502
1468451,10.224494
1468981,23.384708
1469194,10.224494
1470137,11.860444
1471629,9.041225
1473067,6.568712
1473493,2.0925398
1474165,18.984985
1474440,10.548808
1478822,13.316901
1479250,3.945954
1480633,8.873139
1481011,5.9510207
1482383,18.738565
1483514,8.138287
1483658,8.402429
1483891,22.858347
1484007,5.9529476
1484442,2.463109
1485840,0.8827591
1487534,6.2346587
1487554,15.367194
1489569,10.469288
1489682,18.667078
1490380,9.194991
1491005,13.818664
1491646,18.984985
1492134,13.340317
1492810,5.3825164
1493052,8.6269655
1493972,12.822151
1495229,14.90824
1495476,13.231369
1495975,6.8420243
1497002,8.125758
1497516,6.568712
1498270,9.62845
1498505,18.984985
1498508,1.758196
1500672,6.749747
1500893,23.208853
1502606,10.458771
1505254,11.028988
1505371,4.2810535
1507484,6.2346587
1508365,9.58518
1508494,3.1423502
1511690,7.753184
1514628,11.850097
1515146,17.131014
1516854,19.228453
1517913,18.984985
1518216,10.235599
1518868,9.632269
1519250,8.926277
1519973,8.025608
1520816,10.35755
1521281,3.945954
1521340,7.7293324
1523037,16.026783
1526088,8.025859
1526377,19.477177
1527393,8.175475
1529847,7.8496294
1530438,12.801633
1530491,11.850097
1530809,2.919249
1531216,9.240599
1531741,9.58518
1533157,20.069422
1534820,7.5575666
1536659,8.219669
1537805,8.803954
1538817,18.0778
1538947,16.971148
1539260,6.413818
1539932,7.6530337
1540523,7.5619073
1540744,13.133891
1540870,5.913921
1541714,20.453436
1541794,6.970987
1542816,29.989578
1543165,8.239942
1544488,2.9779997
1544490,6.2244363
1544861,10.483782
1545397,13.522029
1545994,29.989578
1547482,18.984985
1548365,5.973392
1548560,18.984985
1548678,12.540539
1548834,10.235599
1550182,2.2129848
1551412,7.4323893
1551911,12.853437
1553534,20.565191
1553957,9.102756
1554649,9.426871
1554993,9.845985
1554998,4.5863466
1555350,28.477926
1557233,9.30843
1558683,8.422705
1558755,4.2936316
1560272,9.239356
1560419,8.175475
1560876,5.3825164
1565091,7.8763165
1565256,11.662591
1565375,8.387141
1565631,11.850097
1567289,5.3825164
1569172,9.257785
1570233,10.70232
1570791,1.2475822
1570807,6.568712
1573208,10.893275
1573744,8.57387
1574012,18.984985
1577451,9.58518
1578817,12.066648
1578883,9.426871
1581095,20.95676
1582468,9.194991
1582488,14.310585
1582818,6.568712
1583596,12.229142
1584859,11.933609
1588152,13.644643
1589994,5.3825164
1590482,5.3825164
1592146,14.145455
1592384,7.2078958
1592422,2.1064847
1593187,9.58518
1593876,4.415533
1594032,25.204084
1594613,9.240599
1594665,9.845985
1597376,6.43387
1597522,6.7521577
1597844,1.9448296
1599275,14.360091
1600547,2.0925398
1601703,7.753184
1602453,13.340317
1602455,9.68944
1606333,4.7618546
1607814,6.628474
1607984,7.1326485
1609669,10.615283
1609784,10.620027
1610454,6.8420243
1610479,12.913995
1610524,5.1533337
1611598,8.509436
1613329,8.369522
1613420,7.753184
1614542,10.125632
1614915,7.6798325
1615403,6.568712
1615879,7.855855
1617014,11.707751
1617241,11.254825
1618718,6.136534
1620206,9.239356
1620681,11.850097
1621146,9.58518
1621475,9.314812
1622438,6.31414
1622549,7.753184
1625063,10.9008665
1625415,12.033082
1626291,6.0675716
1627323,5.728082
1628315,9.239356
1629528,6.6779313
1629629,4.7166543
1630074,25.61833
1630813,10.0288925
1634227,9.729833
1635156,7.571678
1636210,7.871793
1636875,11.944792
1638629,7.1326485
1639490,2.1260638
1640809,4.5863466
1641212,18.738565
1641998,10.817374
1642778,12.774483
1644219,3.945954
1645877,10.902392
1646013,18.170832
1647011,10.628547
1648699,9.239356
1648963,14.918298
1649318,12.8322315
1651616,8.025608
1653456,16.488195
1653776,9.257785
1653958,9.58518
1655360,11.395298
1656192,22.111927
1656746,4.7618546
1656831,26.066727
1656875,10.224494
1657583,5.3825164
1660133,2.56348
1661408,11.325629
1661777,10.015559
1664436,14.770098
1664717,17.400593
1665221,18.984985
1665340,9.426871
1665952,9.257785
1666063,8.365264
1666335,10.721079
1669145,8.873139
1669496,16.371626
1670181,13.889858
1670507,2.8190644
1670585,12.232529
1671416,8.873139
1672377,7.4952683
1673128,5.3825164
1673893,13.764278
1675795,11.771424
1678575,10.921274
1679411,9.873412
1681524,7.820134
1681525,11.098775
1681674,7.1326485
1682360,8.501568
1682704,9.257785
1683451,3.8663886
1684817,15.669872
1685588,4.2936316
1685784,7.644156
1686336,18.984985
1686948,16.202929
1688540,6.8089256
1690119,7.475688
1690156,16.853304
1690377,2.463109
1690993,9.041225
1691277,12.138014
1693108,4.650238
1693571,18.131851
1695786,25.204084
1695841,11.270771
1695894,9.257785
1696178,6.568712
1697300,18.984985
1698789,6.8676605
1699296,12.119343
1699378,6.499478
1699871,10.080512
1701762,13.834211
1703819,7.7671385
1704283,18.984985
1704651,5.3825164
1706985,10.0112705
1709533,10.865792
1710412,9.595436
1711331,14.869917
1711415,4.5368295
1711911,20.515604
1712335,14.532021
1714092,18.984985
1715716,5.8763742
1715945,10.334675
1716206,11.850097
1716345,4.4579654
1716635,8.025608
1716935,9.58518
1716981,2.1064847
1717494,7.7494845
1718268,19.15429
1718276,6.2346587
1719818,6.136534
1720203,19.467499
1721322,16.395386
1722310,12.822151
1722817,3.8663886
1722938,9.164056
1722999,9.632269
1723269,11.118124
1723443,18.984985
1723717,3.945954
1723933,3.8663886
1724452,2.0047688
1725681,6.1919155
1725744,19.228453
1726433,12.070069
1726566,8.59916
1726894,10.92503
1727723,12.232529
1728017,12.153942
1728328,18.984985
1729584,13.347728
1731303,10.458771
1731867,6.568712
1732474,4.2936316
1732904,12.760694
1733832,8.686276
1737887,6.651942
1738288,12.760694
1738644,6.1919155
1739672,16.026783
1740242,3.8663886
1740549,13.562505
1741348,15.124487
1741840,22.382635
1742977,4.1208296
1743260,4.2560935
1744367,3.945954
1744910,9.239356
1746212,20.30576
1746925,10.235599
1747146,9.58518
1747504,10.224494
1747835,3.945954
1747880,13.764278
1748053,18.881136
1749702,8.951801
1752037,8.025608
1752514,10.224494
1753402,7.6690493
1753969,13.415963
1755651,18.170832
1755850,15.171829
1756045,25.204084
1756620,11.294008
1758061,18.984985
1758731,25.204084
1759331,14.26858
1760712,18.984985
1762831,6.568712
1762878,15.145622
1766041,4.931945
1766087,6.970987
1767957,6.8785477
1768090,4.7618546
1768246,18.984985
1769413,29.989578
1769499,9.041905
1769984,11.999868
1770195,18.131851
1770339,3.945954
1770523,9.873412
1770954,13.547516
1771694,29.989578
1773085,8.959621
1773790,7.571678
1775016,3.945954
1775203,10.628547
1775654,2.811008
1778140,13.882226
1778334,6.2893734
1778819,11.652754
1780779,7.753184
1780780,29.744555
1780813,3.1423502
1783590,12.499617
1784095,21.452845
1785354,10.502121
1785699,7.8763165
1785735,15.325601
1787450,12.513004
1788007,3.8663886
1788277,7.8763165
1788602,10.803237
1788729,6.568712
1789941,11.028988
1790406,18.984985
1793151,16.730963
1793437,7.9654083
1794402,8.025608
1794506,13.089672
1795345,16.371626
1796379,6.8420243
1797822,9.6587715
1798506,9.577602
1800566,4.3486133
1803425,18.984985
1809048,6.440786
1809304,21.837925
1809478,4.8595805
1809601,8.149785
1811245,8.699398
1811543,11.8004055
1811879,5.229082
1812914,7.915022
1814659,13.549303
1814992,4.785419
1815703,3.9175065
1815979,12.229142
1816202,8.313299
1816400,17.84094
1817253,29.989578
1817420,7.7671385
1818505,11.235004
1818795,29.989578
1819084,9.58518
1819795,7.855855
1820360,6.3330493
1820406,8.6269655
1820686,9.069924
1820889,10.35755
1821491,18.984985
1822116,1.7864016
1825070,10.0112705
1825796,9.62845
1825996,8.387141
1827078,8.203509
1828332,16.85084
1828760,16.641266
1830153,24.774647
1830420,20.996494
1831679,16.026783
1831808,29.989578
1832021,12.822151
1832230,14.222576
1832915,15.10129
1833214,8.355538
1833336,7.1326485
1833670,13.6636715
1834276,18.984985
1834460,12.61776
1834640,19.170704
1836147,11.721008
1837364,5.285449
1838498,13.391376
1839125,1.9448296
1839780,5.0353436
1841185,8.873139
1841444,6.9152794
1843793,6.124084
1844077,8.897207
1844356,9.721399
1844863,6.5982375
1845924,8.636527
1846217,18.517881
1846312,9.99001
1847429,8.025608
1847630,11.004397
1848060,15.423731
1848460,8.951801
1848968,18.984985
1849881,9.31785
1850019,19.304321
1850719,4.2936316
1851320,7.0709734
1851814,11.741942
1853620,11.734171
1854298,6.568712
1855291,22.123869
1855749,14.869917
1855850,10.0112705
1856966,18.738565
1856989,12.033082
1857277,19.004398
1857376,13.843176
1858538,10.332384
1858964,3.9946196
1860369,12.822151
1860597,18.881136
1861573,12.391048
1861793,9.845985
1862739,9.724869
1862894,18.048872
1865132,8.219669
1866154,9.239356
1866827,25.204084
1866935,18.984985
1867908,7.4637485
1869963,10.500191
1870002,2.7665792
1871495,8.617139
1872827,9.814433
1873141,6.802282
1873556,5.9010983
1873946,8.025608
1874910,9.194991
1875030,18.131851
1875114,4.9075813
1876382,5.3825164
1877894,29.989578
1878253,5.914672
1878255,10.163647
1878679,3.7703543
1879343,11.45315
1879599,11.8719225
1880429,9.257785
1880468,10.816505
1882724,11.662591
1882759,12.391048
1883582,12.229142
1884143,9.495749
1888645,2.4838724
1890383,7.8763165
1890743,17.623905
1890844,11.374456
1892637,3.349568
1892840,11.165905
1893731,13.991486
1893900,7.0961437
1895168,10.628547
1895730,6.568712
1895952,8.333972
1896330,2.1064847
1896545,6.395367
1896699,9.58518
1899046,8.654533
1899137,18.984985
1899329,7.8967667
1900957,8.205823
1903546,8.284416
1903734,1.4198847
1904057,7.4749236
1904167,16.026783
1905140,13.084893
1905770,11.652754
1905982,14.791475
1906862,9.041905
1907331,14.814531
1907636,8.369522
1909421,16.371626
1912582,8.313299
1913917,6.9152794
1914396,11.771424
1914753,13.530241
1915005,2.3855069
1915763,11.652754
1916670,18.131851
1916722,9.391264
1919489,5.874796
1920270,7.431504
1920444,8.436839
1921457,7.279347
1921458,18.078487
1921843,8.699398
1922025,8.175475
1923381,6.136534
1923658,10.469288
1925902,3.945954
1926454,18.984985
1926468,7.279347
1928815,9.194991
1929152,10.35755
1929288,9.11189
1929671,4.9356704
1931946,7.916587
1935488,7.644156
1936320,14.532021
1936877,11.850097
1937068,29.989578
1937970,10.232066
1938365,12.593099
1939167,8.347512
1939261,11.579848
1941268,12.159204
1942038,2.2309844
1942651,14.90824
1943254,8.074877
1944221,2.7665792
1944553,4.9283347
1944801,16.943466
1946597,3.8663886
1947112,8.031267
1948645,8.074877
1948955,9.240599
1950748,12.066648
1950842,5.9511275
1951115,6.413818
1951276,16.371626
1951959,9.31919
1954342,13.084893
1954813,9.58518
1955365,4.6264863
1956883,4.2597847
1957478,18.07366
1959746,18.738565
1961442,9.160458
1961700,5.3825164
1961990,4.577322
1962731,6.9592276
1963446,10.911109
1965136,12.041816
1965328,8.175475
1966149,3.8663886
1966481,29.744555
1967176,6.2346587
1967246,9.58518
1967982,16.971148
1969769,4.9075813
1970519,5.914672
1971090,4.2597847
1971500,7.7494845
1973025,4.5554376
1976424,15.699593
1977743,6.568712
1978270,5.4709325
1978356,13.069573
1978859,18.131851
1978934,1.8968784
1979251,7.753184
1981282,9.958571
1981481,4.8595805
1983347,23.26387
1985943,6.986708
1986197,9.158856
1986755,9.873412
1987136,10.357535
1989489,2.0925398
1989745,7.7293324
1992276,9.069924
1992284,11.656773
1992530,9.816687
1992769,8.437545
1997125,2.1064847
1998815,18.984985
1999699,8.387141
1999717,3.945954
2000200,11.47137
2000205,9.11189
2000220,7.4749236
2001396,1.4198847
2001407,8.473398
2001883,18.738565
2002330,13.254266
2002734,8.811711
2003642,3.8663886
2005323,11.52639
2006728,10.35755
2007159,3.945954
2008827,11.707751
2009266,15.1651325
2009836,18.738565
2011033,2.5379732
2011164,7.492406
2011892,5.3825164
2012602,1.2475822
2012768,6.147681
2014046,11.659233
2014725,5.6063805
2015148,11.999868
2015403,13.458365
2016506,3.8663886
2016726,6.8420243
2016865,14.791475
2020873,16.763023
2021004,1.9425299
2021143,8.164206
2021148,5.973392
2022783,6.4488163
2022982,20.453436
2024990,13.363386
2025387,11.254825
2028186,11.143193
2029443,2.8190644
2031485,6.8420243
2032699,4.5554376
2032897,11.741942
2034278,6.4812274
2034505,8.776853
2034675,10.620027
2035355,12.229142
2036050,14.26858
2036883,15.124487
2037096,5.3825164
2037363,12.760694
2037745,3.945954
2039842,10.35755
2040300,12.533281
2041141,9.239356
2041793,11.860444
2042558,13.6636715
2042858,3.945954
2042989,4.2936316
2044798,8.219669
2044832,6.8420243
2045460,18.984985
2046775,1.7864016
2047445,4.9075813
2047609,12.540539
2047807,15.362387
2048458,8.019934
2049889,9.312147
2049910,5.458922
2051333,10.829872
2053370,11.265835
2054217,11.325629
2054275,10.593456
2055594,13.930141
2056744,8.313299
2058459,13.374152
2059496,14.26858
2061553,15.334155
2061645,12.439264
2063458,18.078487
2063645,8.175475
2064528,9.257785
2066134,2.1064847
2067506,5.3825164
2067798,16.935263
2069621,17.042824
2070142,19.027544
2070343,7.855855
2072066,10.232066
2072167,10.70232
2078095,22.111927
2080666,25.166878
2080686,16.971148
2082772,7.1326485
2083183,9.58518
2084835,10.0112705
2085652,8.074877
2086402,5.799782
2086702,11.206045
2087354,3.9175065
2088623,12.66748
2089946,10.002519
2090002,8.355538
2090198,6.568712
2090748,4.9075813
2091534,16.401342
2092261,2.3855069
2092482,18.984985
2092681,6.4812274
2093850,5.973392
2095313,9.873412
2095891,7.915022
2096839,2.0925398
2097879,5.2912397
2100650,6.9413514
2102064,9.194991
2102429,8.803954
2102765,18.984985
2104287,7.753184
2105278,5.3825164
2105379,11.57891
2105436,8.313299
2106031,3.945954
2106871,6.395367
2107929,7.083509
2112279,2.4986887
2115012,18.984985
2115585,10.313227
2117181,12.391048
2117946,5.973392
2120749,8.326263
2121475,9.160315
2122567,9.58518
2123709,10.35755
2124380,6.882367
2126419,4.2936316
2127183,7.6530337
2129524,11.856579
2129756,6.520669
2129823,6.8420243
2130043,8.38578
2130593,11.799212
2131490,4.2810535
2132368,5.7780275
2133421,12.540539
2134012,23.644766
2134129,29.989578
2134486,29.989578
2134899,11.254825
2135124,4.507655
2136295,19.027544
2137830,26.066727
2137924,12.540539
2137930,15.8546505
2138353,9.930029
2139136,6.395367
2140119,3.2942626
2140188,21.756037
2141963,15.113884
2142138,15.302648
2143161,15.391115
2144241,3.9776952
2144297,18.738565
2145167,6.568712
2145193,7.1326485
2146517,7.4335623
2147872,4.7166543
2147908,9.426871
2148597,18.131851
2149216,4.561196
2149294,18.984985
2149631,11.064518
2151567,5.3825164
2151724,11.776785
2152046,7.6798325
2152514,3.945954
2153150,4.7618546
2153683,6.568712
2154444,7.753184
2154873,11.652754
2155905,14.90824
2156284,3.945954
2156289,20.014366
2157407,8.959621
2157594,13.162288
2157794,7.3738685
2158260,6.2349257
2158514,8.146392
2159169,9.745153
2159480,3.945954
2160890,7.4952683
2162299,11.235004
2163217,24.360716
2166165,20.886736
2166336,10.235599
2166914,7.7293324
2167414,12.427522
2170579,6.5982375
2170588,7.293855
2171529,6.2349257
2171548,5.3825164
2171965,13.122845
2172453,25.61833
2175771,10.437562
2176179,8.699398
2176565,6.0549955
2177526,7.8485985
2178472,11.532028
2178930,2.1064847
2180241,29.989578
2180452,13.519309
2180704,15.418329
2180765,7.1326485
2181348,9.58518
2181875,7.1316442
2181937,14.145455
2182261,13.115773
2182386,11.143193
2182962,8.509436
2183916,29.989578
2185695,11.721008
2186717,2.9760923
2187471,13.347728
2188973,5.9010983
2189241,8.699398
2190184,6.74133
2191056,22.766619
2191513,3.945954
2191848,9.257785
2193045,11.532028
2193232,10.251045
2193876,9.58518
2194739,6.970987
2198355,10.020312
2199202,7.1326485
2199863,26.066727
2200185,8.369522
2200503,5.3825164
2202312,12.66748
2202571,12.864791
2203228,20.453436
2203925,6.568712
2206687,4.2597847
2206716,8.458176
2207295,10.911109
2207443,9.58518
2208074,17.656626
2208872,9.223334
2209410,9.484017
2209767,6.136534
2210315,11.839204
2210665,8.117897
2212076,22.143078
2213057,7.9419513
2213962,8.465222
2214466,4.1908183
2215898,6.628474
2216056,8.025812
2216100,11.850097
2216145,6.568712
2217197,25.204084
2221953,8.897207
2223950,4.7618546
2224194,7.824832
2224275,2.0925398
2224360,22.111927
2225350,7.871793
2227080,18.881136
2227274,13.309399
2227424,9.314812
2227883,2.5379732
2228048,2.3855069
2228060,11.001326
2228194,10.602392
2229646,2.0925398
2229775,5.3825164
2231270,10.648933
2232447,4.234565
2234940,29.989578
2236268,9.239356
2237598,10.35755
2237617,25.204084
2238206,12.61776
2238508,5.4709325
2239684,2.56348
2239706,12.822151
2240298,17.370428
2241530,17.131176
2242628,12.391048
2242809,4.2936316
2242916,11.382041
2243936,19.228453
2244059,9.729596
2246434,13.309399
2247708,9.62845
2248266,10.037858
2250353,7.4952683
2251590,5.3825164
2251987,3.945954
2252844,17.400593
2253787,11.850097
2254175,5.3825164
2254698,13.882226
2255783,19.176765
2256147,22.382635
2256356,7.7293324
2256960,2.4986887
2257307,18.953583
2258273,8.914291
2260296,16.371626
2260953,6.395367
2261144,3.65996
2261715,18.38448
2262362,7.7293324
2262741,13.108595
2262777,7.830907
2263792,11.064518
2264223,11.642396
2264517,14.705796
2264858,10.70232
2265612,12.232529
2265984,7.024365
2268665,15.418329
2270547,13.176814
2270757,8.326263
2273003,12.45729
2273791,8.025608
2274686,6.2349257
2275826,11.823683
2276739,7.916587
2279039,6.9152794
2279640,16.026783
2280020,9.447431
2280109,4.7618546
2281188,5.3825164
2281631,18.738565
2281764,4.9283347
2281909,7.8763165
2284060,8.313299
2286380,9.159671
2286797,7.7293324
2287599,12.713144
2288125,7.855855
2288545,9.221509
2289212,14.727882
2290282,5.4610376
2291140,10.412969
2291155,5.7516303
2292737,29.989578
2296233,8.218639
2296530,11.44993
2296847,6.568712
2297114,12.066648
2298800,4.2597847
2304790,12.391048
2305220,14.5478325
2305236,8.873139
2307095,3.945954
2307220,8.873139
2307654,6.4860473
2307670,16.641266
2307831,19.176765
2310255,4.1208296
2311264,20.95676
2312561,11.374456
2312639,21.837925
2313097,12.760694
2313590,8.90892
2314675,11.652754
2315247,7.276079
2316524,2.8041744
2318367,24.364391
2318386,6.520669
2319848,12.229142
2320669,12.932258
2320928,18.52303
2322678,9.579811
2324672,11.188174
2324827,10.224494
2325026,4.2936316
2326022,24.563494
2326055,8.664089
2326406,11.944792
2326552,14.855084
2326725,18.984985
2328473,12.947837
2328709,12.70319
2328858,7.6144876
2330512,7.871793
2331595,4.224955
2331806,2.7373447
2331847,8.755844
2332102,2.56348
2332420,9.11189
2334890,6.136534
2335435,22.300585
2335548,22.300585
2335798,1.8918855
2335971,18.984985
2337526,13.710032
2338188,14.918298
2338321,17.385687
2339635,2.1260638
2340298,6.121896
2342295,3.349568
2342850,8.649738
2343053,17.120827
2343598,5.3825164
2344425,10.458771
2344823,12.427522
2345552,9.239356
2346906,12.232529
2347532,8.0784445
2349133,7.820134
2349496,21.452845
2350682,20.453436
2351308,6.570803
2353444,3.0754182
2354775,7.753184
2354929,12.822151
2355119,11.319655
2357453,16.971148
2357731,9.239356
2357733,5.3825164
2359149,8.699639
2359368,3.945954
2359658,12.965029
2361540,11.098775
2361856,12.154836
2361967,5.2912397
2362748,2.1064847
2363699,14.375089
2364037,22.864166
2366536,7.9015207
2366762,25.61833
2367041,12.760694
2367284,12.822151
2367660,4.8919272
2369110,12.359039
2369693,18.00449
2370661,15.418329
2372623,2.1064847
2374388,13.711052
2376234,22.143078
2380555,9.89842
2381269,14.26858
2382648,8.313299
2384087,29.989578
2384183,7.6530337
2385858,22.123869
2386517,5.490193
2386798,6.1960974
2387052,10.827772
2387379,20.463675
2389010,9.221509
2389340,9.58518
2389351,18.738565
2390156,4.1908183
2391052,11.812765
2391419,13.208141
2392130,4.931945
2393530,14.5478325
2394027,10.465498
2394330,18.984985
2394902,18.984985
2395805,6.6100807
2396238,20.453436
2397512,8.669239
2398356,10.015559
2398475,4.5554376
2399029,1.7864016
2399371,10.235599
2400142,9.58518
2400816,13.451232
2401382,8.972235
2401515,11.670903
2402802,5.5870314
2403066,21.837925
2403444,12.540539
2404349,7.431504
2405698,6.568712
2406326,12.002737
2407661,18.403093
2407835,3.945954
2408918,7.753184
2409824,8.219669
2410549,9.194991
2411009,8.807075
2411162,9.581804
2411173,6.399522
2411837,6.568712
2412069,10.1706295
2412182,7.8485985
2412694,10.069647
2414361,11.304398
2414650,13.865948
2415423,5.913921
2416347,18.984985
2416394,5.7780275
2416781,4.1208296
2417626,5.3825164
2418636,9.788087
2419334,9.102507
2420062,3.9175065
2421370,9.257785
2423355,15.775814
2425813,7.492406
2425899,8.501568
2425938,7.820134
2426139,13.087496
2427050,10.235599
2427313,13.201998
2428357,15.5642605
2428415,12.367325
2428458,6.651942
2429263,8.164206
2429645,7.4952683
2429908,10.019028
2429956,9.873412
2430620,13.882226
2431793,12.232529
2431955,18.738565
2432513,5.3825164
2432976,20.453436
2433316,7.6798325
2433584,11.850097
2433597,4.9075813
2433655,17.623905
2434947,9.33948
2435092,15.448858
2435101,9.62845
2435111,10.224494
2435800,5.117745
2435982,13.415474
2436304,11.818752
2436528,10.35755
2438526,4.567531
2440225,22.646103
2441849,10.628547
2442597,2.2833211
2442677,3.4390922
2443166,1.9448296
2443205,10.3754635
2443356,29.989578
2443635,10.816505
2444321,4.9283347
2444676,9.194991
2444972,6.1995215
2445704,7.753184
2446486,11.143193
2447197,19.637957
2447518,14.33215
2448613,6.2346587
2450465,16.081152
2451297,7.830907
2451743,17.400593
2452096,8.369522
2452197,22.781319
2452551,18.738565
2452570,11.944792
2452706,10.159642
2453737,16.202929
2453779,29.989578
2453995,21.837925
2454032,12.760694
2455065,8.873139
2455607,10.235599
2457388,9.729596
2458418,5.490193
2460878,18.048872
2460993,4.2597847
2461105,18.738565
2462118,9.792835
2462293,17.400593
2462607,7.6690493
2462797,13.494843
2463717,5.6771984
2464965,16.504068
2465012,4.5554376
2467185,29.989578
2467451,9.632269
2468996,2.7665792
2470195,8.95138
2470251,12.066648
2470313,9.533777
2472515,5.3825164
2472828,2.4838724
2473377,20.453436
2475345,6.395367
2476545,7.1326485
2478374,8.388065
2479137,5.3825164
2479356,18.984985
2479732,7.6367297
2480096,20.453436
2480815,19.176765
2483680,8.175475
2484863,7.0961437
2485109,5.9409323
2485347,11.818752
2485686,12.270216
2485945,4.5554376
2487052,14.26858
2487199,2.2309844
2488630,13.866434
2488880,15.418329
2489738,16.202929
2491675,15.895425
2492385,18.0778
2493418,6.568712
2493912,8.085731
2496482,18.738565
2497077,6.136534
2498265,7.0997744
2499268,8.228851
2500108,6.568712
2501021,13.087496
2502270,7.1347556
2502330,2.7293894
2505252,13.021287
2506446,7.657804
2508157,15.159414
2508599,9.22074
2510476,8.100408
2511468,9.041225
2512626,7.753184
2513955,12.932258
2514002,13.162288
2514027,10.70232
2514272,11.265835
2514598,12.864791
2516782,11.44993
2517074,12.760694
2518711,10.381496
2520127,18.738565
2521069,19.220798
2521074,3.1423502
2521278,8.297002
2521476,20.463675
2521679,11.235004
2521958,7.753184
2522941,6.6506815
2523889,22.646103
2524001,2.1260638
2524695,3.3919122
2525617,20.069422
2526120,10.425381
2526599,16.971148
2526664,7.0563717
2528465,8.157168
2528498,4.6264863
2528748,8.164206
2529003,9.784869
2529331,8.333972
2529920,22.300585
2530877,13.021287
2533057,11.579848
2533250,8.365264
2534670,6.395367
2535322,3.945954
2535592,10.765136
2535715,7.3421555
2537440,8.881158
2537946,18.738565
2538141,9.387654
2538346,1.5664932
2539005,7.0113306
2539697,9.31919
2539726,15.124487
2539772,26.066727
2542557,13.021287
2543448,18.131851
2544509,12.544023
2544805,8.326263
2544838,9.58518
2545704,3.945954
2545892,6.5616336
2546044,17.400593
2546429,11.707751
2547419,8.910314
2547659,10.425381
2550129,8.313299
2550629,10.35755
2550839,21.11922
2551055,9.240599
2551188,29.989578
2551814,11.741942
2552640,11.206045
2553572,12.6942625
2554028,23.384708
2554048,7.753184
2555477,4.9420385
2556259,24.43453
2556443,7.0307226
2557521,11.652754
2557747,8.219669
2559589,17.059217
2560950,29.989578
2561588,10.075653
2561636,2.56348
2562054,11.826892
2563030,12.367325
2563041,13.363386
2564418,19.128502
2564727,6.8420243
2564928,8.821644
2565448,29.989578
2565726,9.426871
2565738,4.2936316
2566158,18.131851
2567842,10.458771
2569594,5.3825164
2569878,5.5643497
2570208,4.5863466
2574194,11.850097
2574228,6.568712
2574568,6.2346587
2575519,6.2244363
2576076,11.601619
2576998,11.615068
2578269,9.257785
2578344,4.9283347
2580917,3.945954
2580918,18.403093
2581273,13.979601
2581983,6.7521577
2582469,10.334675
2582595,11.139507
2584774,8.313299
2585003,2.0776742
2585430,19.306383
2585759,4.224955
2587232,22.39926
2587567,5.973392
2588473,2.9088907
2588533,18.384804
2590261,9.581804
2591114,20.069422
2592098,10.412969
2592228,7.2926083
2592789,12.760694
2593818,11.374456
2593987,10.502453
2596296,11.533322
2596950,16.026783
2597461,11.741942
2598090,8.971386
2598156,11.741942
2598387,6.8420243
2600634,10.230452
2600836,8.897207
2601168,19.228453
2601856,9.873412
2601919,18.984985
2602698,12.932258
2602796,8.873139
2603017,2.463109
2603252,11.098775
2605226,15.699593
2605624,6.568712
2605780,2.8041744
2605995,5.433918
2606476,9.257785
2606535,11.652754
2606756,13.133891
2608236,7.418224
2609743,10.70232
2610387,9.930029
2610675,15.124487
2611139,7.8763165
2611355,9.721842
2612052,11.741942
2612151,4.1208296
2612512,9.690034
2612868,6.8046045
2614246,9.58518
2614434,8.164206
2615921,11.338247
2616736,12.229142
2617608,5.977132
2617976,8.6889925
2619008,6.147681
2619880,9.873412
2620770,9.980232
2623702,10.235599
2623734,5.3825164
2625771,9.31919
2626337,11.839204
2627256,6.568712
2628328,11.823683
2628727,15.096277
2628867,7.6530337
2629232,6.136534
2630476,2.3855069
2631966,17.120827
2632525,18.984985
2633122,9.30843
2633169,23.617205
2634479,6.1402044
2635661,4.1208296
2638033,2.8041744
2640456,11.741942
2640503,7.0880117
2641991,12.070069
2642278,20.261896
2642757,12.067979
2643111,15.423731
2644222,7.7494845
2644778,3.945954
2645457,7.855855
2646115,7.830907
2647690,5.3825164
2652343,11.263226
2652778,29.989578
2653454,16.202929
2653646,6.726229
2655046,5.8763742
2657944,11.8719225
2658762,1.7864016
2660831,14.81586
2662595,9.239356
2663625,9.332023
2664690,5.034886
2665376,3.809095
2665518,4.9075813
2665610,25.61833
2666079,8.365264
2666083,3.945954
2667065,12.864791
2668208,8.402429
2668647,12.3096075
2674101,27.65922
2677690,5.7222533
2679811,6.7632427
2680306,11.649294
2681835,6.767505
2681915,5.9529476
2682084,11.850097
2682121,9.240599
2683868,12.822151
2685511,5.6063805
2685523,11.532028
2685839,3.945954
2687241,11.138851
2689637,18.131851
2689724,17.385687
2689788,10.893275
2691008,7.279347
2691175,13.175701
2691570,9.761323
2691586,11.254825
2691864,7.820134
2691986,10.334675
2693016,9.194991
2693596,11.44993
2693611,13.316901
2693642,14.532021
2695970,10.803237
2696232,24.563494
2696569,6.568712
2697336,7.1326485
2698539,14.26858
2700817,8.926277
2700890,19.027544
2701219,1.8968784
2702463,18.984985
2703407,10.458771
2704395,7.7485304
2706825,7.855855
2707273,4.1208296
2707865,10.61776
2708036,3.8663886
2708040,4.5548844
2708481,9.194991
2709463,20.453436
2709539,9.318626
2711566,11.944792
2712441,10.880913
2712870,13.208141
2712950,15.124487
2712957,12.479177
2713456,9.721842
2714617,9.194991
2715012,11.771424
2716179,14.304637
2716344,23.119993
2716542,11.078839
2719257,18.984985
2720681,5.518254
2723616,12.30686
2723880,7.1326485
2725594,10.803237
2726516,9.240599
2727141,18.984985
2728302,9.609287
2728431,6.8420243
2729366,6.568712
2730683,9.759177
2731028,15.549226
2731094,12.598999
2732446,25.204084
2734103,8.387141
2734555,3.945954
2734766,5.973392
2734882,9.873412
2735029,5.7516303
2735525,11.860444
2736282,14.290525
2737362,16.032656
2738342,11.645814
2740311,11.662761
2742442,4.5554376
2742653,2.56348
2745409,7.6690493
2746706,14.866351
2746796,11.944792
2747020,15.859622
2748710,13.710547
2750341,12.121093
2750378,2.4986887
2750699,5.7017016
2751634,7.753184
2752277,7.492406
2752777,11.579848
2753010,11.382041
2753453,7.837341
2754040,1.3590467
2754421,18.738565
2755012,3.945954
2755053,5.7222533
2755515,6.568712
2757700,19.170704
2758182,6.568712
2758396,9.346568
2759999,8.149785
2760103,5.93096
2760529,11.986739
2760530,9.194991
2760594,6.399522
2761409,10.524494
2761703,11.823683
2761783,8.164206
2761951,20.886736
2762848,8.812831
2763913,13.231369
2764376,24.01501
2764481,2.2833211
2765895,5.3825164
2766405,15.496527
2766732,3.945954
2767135,13.18718
2769601,2.2309844
2769626,12.391048
2770157,3.9175065
2770410,7.8763165
2771725,29.989578
2771775,28.181097
2772020,2.4986887
2772517,9.30843
2772964,11.850097
2773790,12.066648
2775361,6.9152794
2775654,4.2936316
2775679,13.43606
2776009,8.699639
2776780,8.873139
2777800,10.9008665
2779755,8.444712
2780602,15.418329
2780726,7.526103
2781358,11.860444
2781451,18.984985
2781565,4.9283347
2782205,6.78134
2783529,18.984985
2783793,13.20654
2784328,13.562505
2785237,9.239356
2785573,4.1208296
2786903,5.9616337
2787021,13.363386
2787513,8.313299
2787572,12.66748
2788046,6.2349257
2788064,5.973392
2788939,4.7878737
2790862,18.984985
2791207,18.131851
2793042,14.99801
2794698,14.128614
2794943,8.369522
2795365,9.721399
2795470,18.984985
2796347,9.721115
2796758,11.741942
2797537,2.4986887
2798877,7.418224
2801215,8.313299
2803135,16.937344
2803973,7.855855
2805509,8.074877
2806326,2.2309844
2806748,18.382582
2809512,9.58518
2811794,19.395735
2813447,7.7671385
2815101,9.873744
2815631,13.415474
2817036,12.153942
2817322,4.1208296
2817385,13.374152
2818704,6.689946
2819555,5.9529476
2820721,5.5870314
2821171,13.945711
2821446,14.26858
2821942,8.934715
2822086,4.1208296
2822262,7.753184
2822457,7.492406
2823668,12.822151
2826032,3.27806
2826089,7.0113306
2827768,7.4749236
2827818,18.22422
2828217,8.619888
2828521,20.453436
2828720,12.093803
2830864,2.2833211
2831411,4.5368295
2831642,11.818752
2831930,29.989578
2832849,12.041087
2832857,7.2256317
2833745,6.395367
2833766,1.5664932
2834289,10.946812
2836279,7.753184
2836290,7.753184
2838773,2.216867
2841099,7.5391994
2842295,3.945954
2842357,9.239356
2844008,9.388276
2844306,9.192343
2844677,19.838493
2846126,22.39926
2847900,2.4986887
2848154,4.5368295
2850324,18.738565
2850325,10.458771
2850764,12.449428
2851194,17.400593
2851998,8.426065
2853232,16.259464
2853376,7.753184
2853686,4.5374093
2856607,2.463109
2856623,17.385687
2857314,9.58518
2858844,8.313299
2860158,17.269312
2861246,9.58518
2861486,10.465498
2863003,9.257785
2863375,10.235599
2863474,7.8763165
2863686,15.905144
2864129,6.568712
2866606,3.9175065
2868148,4.2597847
2870398,19.228453
2871029,18.984985
2871215,2.216867
2871750,9.257785
2872532,9.581804
2876005,18.131851
2876380,7.3421555
2877132,8.699398
2878042,12.427522
2878377,2.1064847
2878475,4.2597847
2878933,8.803954
2879458,9.194991
2880604,8.369522
2880898,7.824832
2881124,1.8051406
2881399,12.822151
2882911,12.420027
2882995,23.186674
2883148,9.257785
2884391,4.1208296
2886176,7.7671385
2886591,10.345732
2887072,8.873139
2887420,4.2936316
2887473,12.344092
2888422,20.886736
2888583,4.8804784
2888736,11.583555
2890361,7.571678
2890542,29.989578
2890738,22.39926
2892304,18.984985
2894158,2.463109
2895802,13.494843
2896894,6.568712
2898112,16.274397
2899784,12.822151
2900425,2.8190644
2900944,3.7681339
2901272,2.3861294
2903892,14.791475
2903951,10.412969
2905687,15.33913
2906030,12.1720295
2906482,15.8939295
2908182,19.170704
2909466,6.2244363
2910369,9.927871
2911572,10.313227
2912250,6.568712
2912342,4.3486133
2912527,25.204084
2913494,11.741942
2913661,10.803237
2914270,12.232529
2914791,10.354246
2916705,8.313299
2916781,6.568712
2917264,8.794974
2917506,5.913921
2920031,11.640539
2921053,22.111927
2921242,5.034886
2921712,5.3825164
2922524,12.760694
2923327,11.850097
2925262,9.873412
2928288,23.579926
2928615,7.6798325
2929952,14.972368
2930175,6.417468
2930500,5.3825164
2930949,19.862864
2931446,11.004397
2932755,2.6782515
2933830,29.989578
2934044,11.615068
2934075,25.465836
2934506,9.58518
2934845,6.570803
2935578,8.699398
2935641,12.760694
2936746,9.873412
2937299,11.063943
2938121,9.632137
2939143,21.837925
2939886,8.201771
2940543,22.17608
2941268,3.0102575
2941313,7.037636
2943772,7.855855
2945013,7.8496294
2946544,10.765136
2946887,4.3486133
2947507,8.369522
2947616,6.395367
2947666,17.400593
2947730,5.9529476
2948684,7.492406
2949523,7.6798325
2949894,13.834211
2950378,12.760694
2950475,11.579848
2951034,4.1208296
2951120,4.670535
2951421,13.694844
2952604,2.3855069
2954666,10.170613
2955039,4.2597847
2955256,11.662761
2955964,7.1587157
2957349,13.122845
2960182,4.039465
2960302,12.814073
2960319,6.395367
2960339,4.3486133
2960412,17.400593
2961030,13.363386
2961718,20.886736
2962532,6.6100807
2963496,5.3825164
2963640,2.3855069
2965523,5.7222533
2966320,3.945954
2967192,9.257785
2967613,4.9075813
2967876,7.6367297
2968865,9.038435
2970194,7.753184
2970892,11.064518
2971218,11.701855
2974548,11.920517
2974730,18.984985
2975709,2.1120818
2975888,6.651942
2976082,14.247691
2976882,11.098775
2977345,5.3825164
2977347,3.9175065
2980131,10.059386
2981177,3.7703543
2981205,18.281363
2982974,4.5548844
2983167,2.811008
2984642,10.076722
2984964,16.371626
2985190,2.4529576
2985236,18.984985
2985412,2.3855069
2987957,7.753184
2989276,8.149785
2989410,9.745153
2989613,3.945954
2991229,26.066727
2991415,20.271322
2991636,29.989578
2995868,8.347512
2998237,9.426871
2999585,9.31785
3001881,14.4496975
3001982,19.477177
3002511,12.119343
3002686,11.727609
3006315,9.826186
3006853,8.6269655
3007450,10.019028
3007748,22.300585
3007821,22.891397
3008096,7.8967667
3008456,13.95201
3008957,9.194991
3009414,8.025608
3010065,6.689946
3010690,6.8420243
3011471,10.224494
3012365,13.882226
3013663,9.11189
3014730,8.313299
3014870,13.363386
3016013,6.568712
3016584,2.3855069
3018362,11.662761
3019121,8.873139
3019389,2.6782515
3021759,1.8786542
3021788,12.587164
3021810,29.989578
3022584,6.9152794
3022976,9.439737
3023496,9.873412
3024339,8.387141
3024736,9.632269
3026221,18.984985
3026344,7.6325207
3026672,13.78713
3027915,4.7618546
3029630,5.7222533
3029870,5.874796
3031852,8.433376
3032738,6.568712
3033527,4.2810535
3034046,2.8190644
3034336,9.873412
3035086,7.3160686
3035748,19.838493
3036262,15.096277
3036384,11.640539
3036419,9.628618
3036558,8.699398
3037082,7.1587157
3037132,12.965029
3039155,9.784869
3039642,18.738565
3040246,21.837925
3041223,10.912818
3042708,16.9356
3043112,12.354186
3043133,9.816687
3043357,3.9175065
3044084,8.927646
3044140,9.533777
3044434,12.822151
3044955,6.136534
3046403,9.595436
3048145,5.3262205
3048219,9.49488
3049053,19.228453
3052268,18.131851
3052399,24.360716
3052853,5.3825164
3055034,2.3855069
3055636,11.850097
3055663,10.601543
3056872,9.632137
3058847,7.753184
3059071,11.028988
3060156,13.316901
3061005,2.949587
3061086,16.381502
3062506,2.8190644
3062794,18.738565
3063785,2.7665792
3064110,13.269654
3064217,6.136534
3064615,3.945954
3065605,11.331544
3066150,10.911109
3066762,9.160315
3068155,18.984985
3068935,10.816505
3069837,4.2936316
3070037,10.465498
3070656,6.2244363
3071469,29.989578
3072504,8.365264
3073998,24.43453
3076145,5.0353436
3077821,6.395367
3078493,4.532768
3079003,5.7222533
3079216,2.3855069
3079618,18.738565
3080047,5.913921
3081480,20.453436
3082573,11.649294
3082795,2.4986887
3083255,2.1064847
3085778,5.973392
3087171,25.80044
3087192,5.1764603
3087544,4.2597847
3087919,5.3825164
3088281,6.78134
3088303,7.8757463
3090616,12.61776
3091208,18.984985
3093230,20.453436
3094358,11.154325
3094683,18.984985
3095677,17.60144
3097258,2.7665792
3098412,18.984985
3098531,9.873412
3099982,6.9973607
3100918,5.3825164
3102690,10.0288925
3103699,14.5777
3103897,20.453436
3105220,12.66748
3105848,5.3825164
3108906,6.8420243
3109537,24.364391
3111616,2.0178912
3111809,9.845985
3112040,6.2346587
3112100,11.197612
3112541,10.784609
3112613,3.945954
3112848,11.382041
3113282,13.9519
3113940,10.463922
3113951,9.239356
3114769,6.519658
3114784,17.066149
3114888,14.869917
3115029,8.699639
3115812,9.257785
3115911,8.045207
3115994,4.1208296
3116350,5.973392
3118596,4.284672
3118634,9.774254
3119262,5.3825164
3119353,8.326263
3120094,17.400593
3121343,9.954044
3122589,24.8075
3122735,14.247691
3122776,10.684626
3123455,8.450417
3124617,18.38448
3125364,9.257785
3126246,10.0112705
3128007,8.975043
3129137,6.8420243
3129719,8.025608
3130191,17.530525
3130556,2.7665792
3130640,19.176765
3131849,9.257785
3133333,20.996494
3133534,1.758196
3134691,5.9529476
3134839,18.984985
3134917,8.333972
3136304,11.296993
3137765,12.09626
3138166,5.5870314
3138905,9.595436
3139483,10.224494
3140651,3.1423502
3141094,22.300585
3141126,7.4952683
3141374,29.989578
3141398,7.1326485
3141464,8.164206
3142901,7.837341
3143315,4.5554376
3144017,12.760694
3144032,3.945954
3146105,11.839204
3146464,18.131851
3146956,5.973392
3147425,5.913921
3148925,9.581804
3149043,13.347728
3149254,11.881377
3149399,11.712105
3150598,9.160315
3151245,12.359561
3151336,16.730963
3151428,13.316901
3152066,11.240893
3152535,5.3825164
3152629,13.645626
3153507,18.738565
3153994,14.218513
3154485,11.741942
3154998,6.749747
3156339,14.90824
3156404,7.4749236
3156518,2.2129848
3158795,15.418329
3158810,19.027544
3159014,2.4986887
3159839,11.004397
3160018,22.39926
3160908,2.2309844
3160914,22.300585
3161829,14.478013
3162604,7.7671385
3162922,2.3855069
3163644,20.069422
3164710,16.026783
3164882,9.221509
3164997,21.911465
3166014,13.837769
3166339,15.448858
3166664,9.447431
3168859,5.914672
3169753,7.9654083
3170272,5.9529476
3170911,25.204084
3171172,20.014366
3171771,10.9008665
3172152,20.137154
3173307,4.1208296
3174623,18.984985
3175198,13.451232
3176302,6.568712
3177372,13.849846
3178489,11.325629
3178522,7.753184
3179202,4.1208296
3179203,3.1423502
3180306,4.5368295
3181633,19.228453
3182725,7.753184
3183727,9.30843
3183825,16.371626
3184012,12.391048
3184089,13.18718
3187232,3.945954
3188288,9.859471
3188532,6.2349257
3190240,7.820134
3192020,8.499628
3192746,11.614657
3195036,6.78134
3195475,9.484017
3196482,12.598999
3197119,11.944792
3199438,6.0462885
3201082,14.974561
3201833,2.0776742
3201864,12.760694
3202068,8.313299
3203328,19.467499
3203797,9.58518
3203828,6.133392
3204199,10.458771
3204315,4.1208296
3206012,4.2936316
3206847,2.2833211
3208388,14.9219475
3208704,2.8041744
3209078,13.18718
3210543,11.44993
3210609,16.434208
3210654,11.860444
3211260,6.4812274
3212344,9.745153
3215060,12.932258
3215417,11.110557
3216827,12.180199
3219882,17.495255
3220681,7.753184
3222254,9.257785
3222715,7.2926083
3222824,9.632137
3226090,11.432727
3227702,29.989578
3228159,7.855855
3228894,25.204084
3228913,8.881158
3229667,5.898898
3229898,10.35755
3231883,13.500863
3232302,13.363386
3232470,5.829612
3232918,9.09922
3233739,8.313299
3234795,8.873139
3235110,13.882226
3235363,8.025608
3237791,13.264997
3238298,12.760694
3238343,7.492406
3238702,12.146576
3239951,12.427522
3243522,11.850097
3244159,8.266936
3244266,7.855855
3245076,8.078097
3245106,13.309399
3247465,16.202929
3248529,5.3825164
3250186,7.571981
3250325,6.726229
3254221,4.2936316
3255030,9.779025
3255242,10.35755
3255524,9.721399
3256162,12.66748
3256257,19.477177
3256552,4.9075813
3256631,8.41599
3256743,8.390429
3256946,6.31414
3257298,9.581804
3258444,29.989578
3258548,8.313299
3259329,8.313299
3259573,7.4952683
3263245,9.845985
3263374,5.490193
3265543,11.235004
3266517,9.821587
3266869,9.11189
3267168,24.364391
3267405,7.753184
3268118,12.354186
3269492,13.882226
3270740,9.426871
3272308,18.984985
3272721,6.8420243
3272761,12.344092
3274318,7.190972
3275699,10.313227
3276237,2.0776742
3277428,5.3825164
3277545,14.800528
3278215,12.391048
3278885,10.35755
3279200,29.989578
3279539,13.451232
3282255,3.945954
3282761,12.922027
3283278,14.791475
3283525,6.689946
3283881,12.391048
3284751,5.5870314
3285101,6.2244363
3285303,4.7618546
3285332,24.364391
3285916,18.028952
3289145,23.26387
3289272,13.363386
3292721,6.399522
3292791,9.240599
3293489,14.8907385
3293937,6.568712
3295728,2.8041744
3296281,7.4749236
3297119,15.448858
3300343,6.8420243
3300458,6.136534
3300502,10.458771
3303104,4.5554376
3303149,10.492888
3305427,11.662591
3308920,12.391048
3311971,9.194991
3312087,10.35755
3312994,22.39926
3313058,4.7618546
3313261,4.5368295
3313609,3.945954
3313810,16.371626
3314371,16.371626
3314485,9.031958
3315236,9.239356
3316487,7.9336314
3317388,22.39926
3318291,11.382041
3318890,4.7618546
3320255,11.850097
3323251,10.70232
3323830,12.449077
3324052,18.984985
3324528,7.753184
3326712,21.911465
3329007,22.300585
3329903,11.6308155
3330790,4.9075813
3333698,10.803237
3334188,9.57431
3336453,9.590786
3337366,5.3825164
3339401,8.2735615
3341618,11.818752
3341653,4.2936316
3343336,11.004397
3345053,19.176765
3347769,10.224494
3348018,18.984985
3348486,2.3861294
3350186,9.639321
3350594,10.224494
3350870,10.70232
3352480,7.7494845
3352577,10.818724
3353033,6.31414
3353117,6.568712
3354080,13.433748
3355032,6.568712
3355482,15.096277
3356338,3.945954
3356665,9.745153
3357389,17.530525
3359254,18.517881
3360788,29.989578
3361371,9.927871
3362187,18.984985
3362628,22.300585
3365132,16.530474
3365643,15.124487
3365684,15.7544
3367418,8.881158
3367829,6.689946
3370367,9.62845
3370723,7.1326485
3370964,6.568712
3374488,2.56348
3377715,2.0990355
3377964,11.078839
3378224,14.439418
3380354,7.2078958
3380395,12.070069
3381384,3.945954
3383403,15.362387
3383616,2.8190644
3385558,4.5554376
3385639,13.231369
3385739,16.371626
3386217,9.930029
3386483,3.734141
3386701,6.568712
3387669,8.025608
3388271,9.58518
3389287,10.015559
3389913,4.5863466
3390155,19.027544
3391758,4.7618546
3392006,6.191516
3392110,13.415474
3392298,7.753184
3392923,8.019934
3393748,6.8420243
3393938,6.4268117
3397066,4.2936316
3397551,16.971148
3397559,9.164056
3399000,4.8595805
3399811,8.873139
3400550,9.58518
3400706,6.2346587
3401441,11.910827
3403164,15.1651325
3403289,29.989578
3405991,11.818752
3406011,10.235599
3406101,10.881976
3406350,9.826186
3407659,6.568712
3411262,18.984985
3414315,20.271322
3414531,19.170704
3417033,4.2936316
3417241,22.39926
3417318,5.0838785
3417466,4.1208296
3419659,7.753184
3421658,8.365264
3423973,9.346568
3424592,18.984985
3424721,3.945954
3424724,14.454185
3427950,24.563494
3428483,25.166878
3429465,10.524494
3429505,16.081152
3432260,14.454185
3433444,6.2244363
3433465,6.570803
3434861,10.129749
3435292,18.984985
3439116,8.969062
3440831,2.8041744
3440840,6.136534
3441507,7.753184
3441697,20.069422
3442977,13.800427
3443575,18.984985
3449513,8.201771
3450018,8.313299
3450657,12.822151
3451104,11.741942
3455376,17.294817
3455962,5.973392
3456615,10.502453
3458254,8.285671
3459171,3.9216728
3459291,2.1064847
3459833,11.893674
3461272,5.0353436
3464142,16.450632
3464377,5.3825164
3464497,7.8763165
3464502,6.942975
3465662,6.1402044
3467260,2.0925398
3467625,9.656442
3467629,6.8420243
3468248,9.745153
3469095,4.2936316
3469309,5.799782
3469875,3.945954
3470314,13.231369
3470615,5.7780275
3472266,11.012287
3472722,11.79286
3472781,4.1208296
3473570,18.984985
3473713,7.837022
3475817,8.873139
3475950,13.613247
3476391,4.5554376
3476401,10.803237
3476525,12.822151
3477493,17.59682
3477932,12.822151
3478835,4.2597847
3479178,23.208853
3481237,17.400593
3481614,12.864791
3482083,16.026783
3482469,8.926277
3484042,18.984985
3485275,6.568712
3485933,11.741942
3487854,7.175644
3488209,25.204084
3489324,6.136534
3490988,10.333568
3491836,13.522623
3494260,15.124487
3496048,13.174227
3496098,2.2833211
3497081,3.945954
3498137,11.881377
3499204,6.568712
3500541,6.7400475
3501025,18.984985
3501046,2.3855069
3501555,5.3825164
3502156,11.651136
3502185,13.415474
3502204,5.3825164
3503149,7.0307226
3503273,13.021287
3503372,3.8663886
3503706,18.984985
3504551,16.971148
3506185,16.026783
3506218,10.6635
3506227,14.26858
3506441,10.508508
3506626,4.415533
3506629,10.523173
3506759,12.932258
3508021,6.568712
3508286,9.642749
3508315,9.845985
3508715,6.9152794
3508997,6.136534
3509075,8.369522
3510097,18.984985
3510891,7.8763165
3511081,7.7494845
3513044,11.278912
3514413,14.5478325
3515319,32.441483
3515695,13.685389
3515834,9.194991
3516122,8.4815035
3516987,9.912156
3518110,13.779295
3518204,9.721115
3518906,7.8485985
3520312,4.3486133
3521910,9.766362
3522111,6.136534
3522866,8.175475
3523026,6.9152794
3525191,9.194991
3525384,22.574167
3526097,15.418329
3526551,22.088675
3527496,2.8190644
3529619,17.147709
3530698,9.816687
3531288,5.9529476
3531627,5.3825164
3531656,6.568712
3531873,7.753184
3532940,18.11695
3534416,17.623905
3535760,7.7293324
3536096,9.556189
3536634,8.387141
3537982,11.121626
3538288,5.913921
3538389,13.836826
3543401,8.016918
3544410,4.8919272
3545547,2.0925398
3549258,8.90892
3549391,9.694708
3550337,18.984985
3551603,5.3825164
3552005,11.143193
3554090,9.05692
3554233,12.822151
3555200,9.041905
3556452,19.395735
3557674,6.2349257
3559566,2.8041744
3560640,7.6798325
3560667,9.721399
3561113,18.984985
3561424,8.699398
3561515,10.620027
3562655,10.787188
3562777,11.286914
3564067,12.822151
3566213,9.812608
3566571,25.204084
3567047,26.066727
3569295,4.3486133
3569882,10.924172
3570339,23.384708
3570587,6.973716
3570710,4.9356704
3570926,8.409166
3572911,13.415474
3574300,10.002519
3574485,12.1480465
3574691,21.257486
3577142,8.199459
3577506,11.374456
3578079,15.124487
3579126,7.753184
3579265,12.864791
3579990,11.999868
3581176,7.6367297
3581482,5.518254
3581818,6.136534
3584351,7.855855
3585417,6.136534
3585487,7.855855
3586700,13.882226
3587614,10.490739
3588509,20.355112
3589933,7.753184
3591741,13.43606
3592272,8.811711
3592643,2.0047688
3592703,9.6587715
3592896,7.435086
3593496,6.8310943
3594265,10.887884
3595488,19.757242
3597324,26.066727
3597890,24.70779
3598614,10.469288
3598701,13.122845
3599710,12.216511
3600027,11.944792
3600245,9.102756
3600842,7.884097
3601439,10.094159
3603478,9.130686
3603481,8.6269655
3605311,7.6367297
3605601,4.9075813
3606391,4.2936316
3607499,13.43606
3609067,8.369522
3609226,16.026783
3609823,22.300585
3610933,11.532028
3611407,8.143248
3611484,5.3825164
3612584,14.972368
3613201,8.025608
3613295,15.587668
3613592,9.898943
3613719,6.2346587
3614182,4.231451
3616665,8.164206
3618024,8.760663
3618119,5.3825164
3619070,20.30576
3619419,13.356748
3619543,13.176814
3619982,17.623905
3620648,7.044403
3622762,11.875912
3623665,7.1326485
3624435,22.143078
3627855,4.7618546
3628102,7.571678
3628677,3.809095
3628825,14.780953
3629689,10.235599
3629884,12.932258
3629931,15.423731
3631981,5.9529476
3633534,14.532021
3634092,19.027544
3635882,14.26858
3636791,13.029958
3637010,10.602392
3637116,8.980016
3638280,10.213795
3638559,9.090219
3638757,1.4198847
3639760,7.6530337
3640684,9.595436
3641445,5.3825164
3641677,4.039465
3642810,9.194991
3644177,9.58518
3645294,8.724736
3647126,18.984985
3649668,4.911625
3650356,5.973392
3650586,15.587668
3651864,3.945954
3652906,11.143193
3653950,11.063943
3654206,7.073558
3654853,11.277599
3655539,29.989578
3655817,5.1533337
3655988,10.628547
3656471,3.3545053
3658417,5.3825164
3659252,9.257785
3661720,3.9175065
3663010,18.984985
3665620,16.375107
3665939,15.297308
3666840,3.8663886
3667868,18.984985
3669354,14.439418
3669651,8.313299
3670960,7.644156
3671675,11.416183
3671909,9.774254
3672196,9.873412
3672863,4.5554376
3672999,18.131851
3673298,4.415533
3676034,9.201552
3676399,7.855855
3677130,7.6175637
3677579,7.8821554
3677627,16.065855
3678463,9.221509
3679635,16.971148
3683537,2.463109
3685663,5.3825164
3685746,13.084893
3686866,9.751091
3687693,9.632137
3688736,11.662591
3688825,3.945954
3689363,6.136534
3689608,13.340317
3689740,12.367325
3691223,9.257785
3691477,9.761323
3692117,3.8663886
3698075,12.367325
3702200,6.4812274
3702358,2.216867
3703166,18.881136
3705439,8.501771
3707773,8.873139
3708056,14.454185
3708084,16.202929
3710406,12.822151
3711234,4.692745
3711271,9.509993
3712523,4.9075813
3713444,7.492406
3714045,7.824832
3714421,12.229142
3714550,3.945954
3715118,6.568712
3715301,7.753184
3715447,29.989578
3717113,7.276079
3717514,8.409475
3718375,9.346581
3719955,2.8190644
3720123,13.834211
3720212,9.346568
3720585,16.971148
3722243,12.965029
3722635,6.4812274
3724471,7.753184
3725160,10.602392
3725207,18.131851
3725774,6.568712
3726788,15.159414
3727316,29.559744
3729714,20.453436
3729768,14.898096
3732746,1.4198847
3734081,11.79286
3735076,9.592094
3735664,3.945954
3735748,15.448858
3735843,10.267024
3735959,4.7618546
3738493,2.1260638
3738817,9.58518
3739189,18.984985
3739814,10.35755
3740273,14.972368
3740820,8.025608
3741229,8.157168
3741829,10.3477545
3742860,18.984985
3744305,11.7627945
3746177,16.323452
3746731,18.984985
3747738,6.568712
3748073,4.6264863
3748272,6.6506815
3748362,19.15429
3748830,9.873412
3750950,14.898096
3751007,15.340919
3752528,5.5870314
3753238,22.276567
3753933,10.149466
3754378,9.042209
3754673,29.989578
3756811,10.411285
3757518,4.7878737
3760559,10.185476
3761088,18.984985
3761149,5.3825164
3762862,7.6028433
3762864,7.824832
3763205,18.738565
3763379,12.822151
3765275,12.232529
3765669,6.568712
3766712,3.8663886
3766946,4.9075813
3768189,11.143193
3769391,9.745731
3770417,22.39926
3773027,4.3486133
3773163,5.3825164
3773194,11.707751
3774548,8.285671
3774756,29.989578
3774796,6.395367
3775757,16.225044
3776304,5.9529476
3777077,11.848166
3778071,18.142494
3780129,5.3825164
3780375,18.036032
3780546,12.391048
3782080,6.4812274
3783874,11.741942
3785925,15.7544
3786493,18.131851
3787634,6.2346587
3787824,29.989578
3788977,10.502453
3789065,5.3825164
3789936,18.984985
3790480,3.65996
3792588,24.360716
3793475,18.738565
3794368,7.4749236
3794474,7.4952683
3794627,12.087135
3795985,10.92503
3797646,9.080872
3798693,6.8959785
3798708,7.820134
3798876,10.816505
3799541,3.258359
3799748,18.7837
3800727,3.1423502
3801328,20.453436
3804664,7.4318323
3805493,17.999916
3805960,10.35755
3806641,9.239356
3807728,18.984985
3808002,10.019028
3808588,8.204845
3808676,13.084893
3809166,9.138757
3809231,3.8663886
3809321,2.1064847
3809349,10.827772
3810214,9.346581
3811039,1.7864016
3811209,1.9448296
3811985,10.235599
3812655,13.43606
3813432,26.066727
3815458,12.232529
3815960,3.9175065
3816113,15.448858
3816156,9.873412
3816761,12.367325
3816886,9.721842
3817343,11.532028
3817737,6.520669
3818290,8.764557
3818529,4.415533
3819952,1.9448296
3819976,9.845985
3820352,18.738565
3822092,9.391264
3822504,20.95676
3822509,13.458365
3822825,9.729596
3823583,8.025608
3825076,2.5284743
3826623,8.884337
3826920,6.568712
3827083,5.3825164
3827751,18.984985
3830799,10.650105
3830883,13.452205
3832029,10.412969
3833827,3.910818
3834567,18.984985
3835530,18.13121
3835828,5.914672
3837290,10.334675
3837571,11.202982
3838769,18.738565
3840779,6.4812274
3841150,9.58518
3841470,17.400593
3842251,18.984985
3842464,5.3825164
3843370,9.745153
3843734,7.6367297
3845159,10.35755
3845238,9.426871
3845611,7.4918118
3845635,7.5619073
3847903,11.57891
3849000,3.9175065
3850298,9.62845
3850467,10.0112705
3851683,4.3486133
3853570,4.8919272
3853719,13.174227
3853742,20.886736
3854625,3.945954
3855361,6.9152794
3856930,13.9519
3857239,6.136534
3857344,5.973392
3857962,9.30843
3858564,6.568712
3860519,16.375107
3861445,11.547133
3861921,8.873139
3862120,9.239356
3863111,6.568712
3863453,6.395367
3863899,18.881136
3864139,22.618603
3864465,7.820134
3867015,8.218639
3867755,12.760694
3868334,3.8663886
3869220,18.738565
3869617,8.897207
3870071,10.663104
3870506,10.70232
3870590,13.500863
3870992,6.689946
3872170,5.553873
3872495,2.8041744
3872601,2.5379732
3873778,3.8663886
3873904,9.89842
3875020,11.139507
3876010,9.257785
3877162,13.073843
3878943,9.257785
3879058,9.194991
3880849,5.0764728
3882763,9.257785
3883023,7.7671385
3883256,9.632269
3884385,17.623905
3885377,7.4952683
3885476,7.1326485
3887628,3.945954
3887896,8.219669
3888184,2.3855069
3889818,2.3861294
3890333,1.9448296
3891564,4.7618546
3891987,14.972368
3892291,19.477177
3892635,7.753184
3893941,18.984985
3895250,11.223089
3895387,6.2349257
3897600,4.7618546
3898736,6.568712
3899019,11.662761
3899839,9.105719
3901546,7.6222453
3901563,3.27806
3903244,3.945954
3904224,6.8676605
3904407,18.984985
3905579,9.721842
3907786,18.738565
3908032,6.6779313
3908175,7.7293324
3908927,4.8595805
3909295,7.492406
3910118,5.9510207
3910272,13.522623
3912444,9.745153
3913030,9.426871
3913631,20.069422
3914345,13.18718
3914752,5.9510207
3914890,20.453436
3914990,9.58518
3915043,5.9510207
3915838,2.4986887
3916502,2.1064847
3917793,11.380709
3918865,14.26858
3919234,16.371626
